<!DOCTYPE PATCH  SYSTEM "http://vvvv.org/versions/vvvv50beta35.7.dtd" >
   <PATCH nodename="C:\Users\Tang Cam Hong Pham\Desktop\backup\subpatches\flowerscaled.v4p" scrollx="360" scrolly="0" systemname="flowerscaled" filename="C:\Users\Tang Cam Hong Pham\Desktop\FREIRAUM\V4 Prototyp\flowerscaled.v4p">
   <BOUNDS type="Window" left="3612" top="3612" width="8995" height="5999">
   </BOUNDS>
   <NODE nodename="IOBox (String)" componentmode="InABox" id="0" systemname="IOBox (String)">
   <BOUNDS type="Node" left="301" top="252" width="882" height="210">
   </BOUNDS>
   <BOUNDS type="Box" left="301" top="252" width="2044" height="560">
   </BOUNDS>
   <PIN pinname="Input String" visible="0" slicecount="1" values="|Flower Growth|">
   </PIN>
   <PIN pinname="Output String" visible="0">
   </PIN>
   <PIN pinname="Show Grid" slicecount="1" values="0">
   </PIN>
   <PIN pinname="String Type" slicecount="1" values="MultiLine">
   </PIN>
   <PIN pinname="Size" slicecount="1" values="12">
   </PIN>
   </NODE>
   <PACK Name="addonpack" Version="35.0.0">
   </PACK>
   <NODE systemname="Decay (Animation)" nodename="Decay (Animation)" componentmode="Hidden" id="26">
   <BOUNDS type="Node" left="1050" top="2632" width="100" height="100">
   </BOUNDS>
   <PIN pinname="Input" visible="1" slicecount="1" values="1">
   </PIN>
   <PIN pinname="Attack" slicecount="1" visible="1" values="1">
   </PIN>
   <PIN pinname="Decay" visible="1">
   </PIN>
   <PIN pinname="Output" visible="1">
   </PIN>
   </NODE>
   <NODE nodename="IOBox (Value Advanced)" componentmode="InABox" id="25">
   <BOUNDS type="Box" left="973" top="1330" width="480" height="480">
   </BOUNDS>
   <BOUNDS type="Node" left="973" top="1330" width="0" height="0">
   </BOUNDS>
   <PIN pinname="Y Input Value" slicecount="1" visible="1" values="0">
   </PIN>
   <PIN pinname="Units" slicecount="1" values="||">
   </PIN>
   <PIN pinname="Precision" slicecount="1" values="4">
   </PIN>
   <PIN pinname="Value Type" slicecount="1" values="Boolean">
   </PIN>
   <PIN pinname="Behavior" slicecount="1" values="Toggle">
   </PIN>
   <PIN pinname="Descriptive Name" slicecount="1" values="Input">
   </PIN>
   <PIN pinname="Y Output Value" visible="1">
   </PIN>
   </NODE>
   <NODE nodename="IOBox (Value Advanced)" componentmode="InABox" id="24">
   <BOUNDS type="Box" left="1330" top="2016" width="693" height="210">
   </BOUNDS>
   <BOUNDS type="Node" left="1330" top="2016" width="0" height="0">
   </BOUNDS>
   <PIN pinname="Y Input Value" slicecount="1" visible="1" values="2">
   </PIN>
   <PIN pinname="Units" slicecount="1" values="s">
   </PIN>
   <PIN pinname="Precision" slicecount="1" values="4">
   </PIN>
   </NODE>
   <LINK srcnodeid="24" srcpinname="Y Output Value" dstnodeid="26" dstpinname="Attack">
   </LINK>
   <NODE nodename="IOBox (Value Advanced)" componentmode="InABox" id="23">
   <BOUNDS type="Box" left="1631" top="2198" width="693" height="210">
   </BOUNDS>
   <BOUNDS type="Node" left="1631" top="2198" width="0" height="0">
   </BOUNDS>
   <PIN pinname="Y Input Value" slicecount="1" visible="1" values="2">
   </PIN>
   <PIN pinname="Units" slicecount="1" values="s">
   </PIN>
   <PIN pinname="Precision" slicecount="1" values="4">
   </PIN>
   </NODE>
   <LINK srcnodeid="23" srcpinname="Y Output Value" dstnodeid="26" dstpinname="Decay">
   </LINK>
   <NODE nodename="IOBox (Value Advanced)" componentmode="InABox" id="22">
   <BOUNDS type="Box" left="1085" top="3395" width="693" height="210">
   </BOUNDS>
   <BOUNDS type="Node" left="1085" top="3395" width="0" height="0">
   </BOUNDS>
   <PIN pinname="Units" slicecount="1" values="||">
   </PIN>
   <PIN pinname="Precision" slicecount="1" values="4">
   </PIN>
   <PIN pinname="Descriptive Name" slicecount="1" values="Output">
   </PIN>
   </NODE>
   <LINK srcnodeid="26" srcpinname="Output" dstnodeid="22" dstpinname="Y Input Value">
   </LINK>
   <LINK srcnodeid="25" srcpinname="Y Output Value" dstnodeid="26" dstpinname="Input">
   </LINK>
   </PATCH>