<!DOCTYPE PATCH  SYSTEM "http://vvvv.org/versions/vvvv50beta35.7.dtd" >
   <PATCH nodename="C:\Users\Tang Cam Hong Pham\Documents\P6 - Git\vvvv\subpatches\flowerfruitcoord.v4p" scrollx="0" scrolly="-360" systemname="flowerfruitcoord" filename="C:\Users\Tang Cam Hong Pham\Desktop\FREIRAUM\V4 Prototyp\flowerfruitcoord.v4p">
   <BOUNDS type="Window" left="2933" top="2163" width="8995" height="5999">
   </BOUNDS>
   <NODE systemname="IOBox (Value Advanced)" nodename="IOBox (Value Advanced)" componentmode="InABox" id="12">
   <BOUNDS type="Node" left="1043" top="602" width="100" height="100">
   </BOUNDS>
   <BOUNDS type="Box" left="1043" top="602" width="1771" height="1883">
   </BOUNDS>
   <PIN pinname="Show SliceIndex" slicecount="1" values="0">
   </PIN>
   <PIN pinname="Show Grid" slicecount="1" values="1">
   </PIN>
   <PIN pinname="Show Slider" slicecount="1" values="1">
   </PIN>
   <PIN pinname="Minimum" slicecount="1" values="-1">
   </PIN>
   <PIN pinname="Maximum" slicecount="1" values="1">
   </PIN>
   <PIN pinname="Y Input Value" slicecount="9" visible="1" values="0.4016091954023,0.489731800766284,0.0252460949012678,0.309655172413795,0.884367816091955,0.616168582375479,0.857547892720308,0.340306513409962,0.714901267315061">
   </PIN>
   <PIN pinname="Slider Behavior" slicecount="1" values="Slider">
   </PIN>
   <PIN pinname="Slider Constraints" slicecount="1" values="None">
   </PIN>
   <PIN pinname="X Input Value" slicecount="9" visible="1" pintype="Input" values="0.268774703557313,0.339920948616602,0.730315578141666,0.644268774703558,0.312252964426878,0.584980237154151,0.57707509881423,0.881422924901186,0.959564589999374">
   </PIN>
   <PIN pinname="X Output Value" visible="1" pintype="Output">
   </PIN>
   <PIN pinname="Columns" slicecount="1" values="3">
   </PIN>
   <PIN pinname="Rows" slicecount="1" values="3">
   </PIN>
   <PIN pinname="SliceCount Mode" slicecount="1" values="ColsRowsPages">
   </PIN>
   <PIN pinname="Y Output Value" visible="1">
   </PIN>
   <PIN pinname="Slider Alignment" slicecount="1" values="None">
   </PIN>
   <PIN pinname="Show Connections" slicecount="1" values="1">
   </PIN>
   <PIN pinname="Show Value" slicecount="1" values="0">
   </PIN>
   </NODE>
   <NODE systemname="Vector (2d Join)" nodename="Vector (2d Join)" componentmode="Hidden" id="9">
   <BOUNDS type="Node" left="1043" top="3962" width="100" height="100">
   </BOUNDS>
   <PIN pinname="Y" visible="1" slicecount="9" values="0.202375478927205,0.413103448275862,0.136357206012379,0.321149425287358,0.692796934865901,0.566360153256705,0.715785440613028,0.236858237547893,0.615284409077514">
   </PIN>
   <PIN pinname="X" visible="1" slicecount="9" values="0.205533596837945,0.268774703557313,0.690789886442061,0.612648221343874,0.399209486166008,0.604743083003953,0.58498023715415,0.885375494071146,0.840987514900559">
   </PIN>
   <PIN pinname="XY" visible="1">
   </PIN>
   </NODE>
   <NODE systemname="Cons (Spreads)" filename="%VVVV%\lib\nodes\plugins\VVVV.Nodes.dll" nodename="Cons (Spreads)" componentmode="Hidden" id="8">
   <BOUNDS type="Node" left="1043" top="5075" width="2009" height="252">
   </BOUNDS>
   <BOUNDS type="Box" left="1043" top="5075" width="1400" height="1400">
   </BOUNDS>
   <PIN pinname="Input Count" slicecount="1" values="3">
   </PIN>
   <PIN pinname="Input 1" visible="1">
   </PIN>
   <PIN pinname="Input 2" visible="1">
   </PIN>
   <PIN pinname="Output" visible="1">
   </PIN>
   <PIN pinname="Input 3" visible="1">
   </PIN>
   </NODE>
   <LINK srcnodeid="9" srcpinname="XY" dstnodeid="8" dstpinname="Input 1" linkstyle="VHV">
   <LINKPOINT x="1059" y="4601">
   </LINKPOINT>
   <LINKPOINT x="1076" y="4682">
   </LINKPOINT>
   </LINK>
   <NODE systemname="IOBox (Value Advanced)" nodename="IOBox (Value Advanced)" componentmode="InABox" id="7">
   <BOUNDS type="Node" left="2912" top="609" width="100" height="100">
   </BOUNDS>
   <BOUNDS type="Box" left="2912" top="609" width="1771" height="1883">
   </BOUNDS>
   <PIN pinname="Show SliceIndex" slicecount="1" values="0">
   </PIN>
   <PIN pinname="Show Grid" slicecount="1" values="1">
   </PIN>
   <PIN pinname="Show Slider" slicecount="1" values="1">
   </PIN>
   <PIN pinname="Minimum" slicecount="1" values="-1">
   </PIN>
   <PIN pinname="Maximum" slicecount="1" values="1">
   </PIN>
   <PIN pinname="Y Input Value" slicecount="4" values="0.516551724137932,0.65065134099617,0.228311229000884,0.75793103448276">
   </PIN>
   <PIN pinname="Slider Behavior" slicecount="1" values="Slider">
   </PIN>
   <PIN pinname="Slider Constraints" slicecount="1" values="None">
   </PIN>
   <PIN pinname="X Input Value" slicecount="4" visible="1" pintype="Input" values="-0.241106719367589,-0.403162055335968,-0.621463077984816,-0.889328063241107">
   </PIN>
   <PIN pinname="X Output Value" visible="1" pintype="Output">
   </PIN>
   <PIN pinname="Columns" slicecount="1" values="2">
   </PIN>
   <PIN pinname="Rows" slicecount="1" values="2">
   </PIN>
   <PIN pinname="SliceCount Mode" slicecount="1" values="ColsRowsPages">
   </PIN>
   <PIN pinname="Y Output Value" visible="1">
   </PIN>
   <PIN pinname="Slider Alignment" slicecount="1" values="None">
   </PIN>
   <PIN pinname="Show Connections" slicecount="1" values="1">
   </PIN>
   <PIN pinname="Show Value" slicecount="1" values="0">
   </PIN>
   <PIN pinname="Vector Size" slicecount="1" values="3">
   </PIN>
   </NODE>
   <NODE nodename="IOBox (Value Advanced)" componentmode="InABox" id="6" systemname="IOBox (Value Advanced)">
   <BOUNDS type="Box" left="2912" top="2716" width="795" height="960">
   </BOUNDS>
   <BOUNDS type="Node" left="2912" top="2716" width="0" height="0">
   </BOUNDS>
   <PIN pinname="Units" slicecount="1" values="||">
   </PIN>
   <PIN pinname="Precision" slicecount="1" values="4">
   </PIN>
   <PIN pinname="Rows" slicecount="1" values="4">
   </PIN>
   <PIN pinname="Y Input Value" slicecount="4" values="0,,,">
   </PIN>
   <PIN pinname="Vector Size" slicecount="1" values="4">
   </PIN>
   <PIN pinname="Default" slicecount="1" values="|0, 0, 0, 1|">
   </PIN>
   <PIN pinname="Y Output Value" visible="1">
   </PIN>
   </NODE>
   <LINK srcnodeid="7" srcpinname="X Output Value" dstnodeid="6" dstpinname="Y Input Value" linkstyle="VHV">
   <LINKPOINT x="2940" y="2604">
   </LINKPOINT>
   <LINKPOINT x="2940" y="2604">
   </LINKPOINT>
   </LINK>
   <NODE nodename="IOBox (Value Advanced)" componentmode="InABox" id="5" systemname="IOBox (Value Advanced)">
   <BOUNDS type="Box" left="3780" top="2723" width="791" height="973">
   </BOUNDS>
   <BOUNDS type="Node" left="3780" top="2723" width="0" height="0">
   </BOUNDS>
   <PIN pinname="Units" slicecount="1" values="||">
   </PIN>
   <PIN pinname="Precision" slicecount="1" values="4">
   </PIN>
   <PIN pinname="Rows" slicecount="1" values="4">
   </PIN>
   <PIN pinname="Y Input Value" slicecount="4" values="0,,,">
   </PIN>
   <PIN pinname="Vector Size" slicecount="1" values="4">
   </PIN>
   <PIN pinname="Default" slicecount="1" values="|0, 0, 0, 1|">
   </PIN>
   <PIN pinname="Y Output Value" visible="1">
   </PIN>
   </NODE>
   <LINK srcnodeid="7" srcpinname="Y Output Value" dstnodeid="5" dstpinname="Y Input Value" linkstyle="VHV">
   <LINKPOINT x="4627" y="2604">
   </LINKPOINT>
   <LINKPOINT x="3836" y="2604">
   </LINKPOINT>
   </LINK>
   <NODE systemname="Vector (2d Join)" nodename="Vector (2d Join)" componentmode="Hidden" id="4">
   <BOUNDS type="Node" left="2912" top="3969" width="100" height="100">
   </BOUNDS>
   <PIN pinname="Y" visible="1">
   </PIN>
   <PIN pinname="X" visible="1">
   </PIN>
   <PIN pinname="XY" visible="1">
   </PIN>
   </NODE>
   <LINK srcnodeid="5" srcpinname="Y Output Value" dstnodeid="4" dstpinname="Y" linkstyle="VHV">
   <LINKPOINT x="3757" y="3833">
   </LINKPOINT>
   <LINKPOINT x="3488" y="3833">
   </LINKPOINT>
   </LINK>
   <LINK srcnodeid="6" srcpinname="Y Output Value" dstnodeid="4" dstpinname="X" linkstyle="VHV">
   <LINKPOINT x="2924" y="3819">
   </LINKPOINT>
   <LINKPOINT x="2949" y="3819">
   </LINKPOINT>
   </LINK>
   <NODE systemname="IOBox (Value Advanced)" nodename="IOBox (Value Advanced)" componentmode="InABox" id="3">
   <BOUNDS type="Node" left="4795" top="602" width="100" height="100">
   </BOUNDS>
   <BOUNDS type="Box" left="4795" top="602" width="1771" height="1883">
   </BOUNDS>
   <PIN pinname="Show SliceIndex" slicecount="1" values="0">
   </PIN>
   <PIN pinname="Show Grid" slicecount="1" values="1">
   </PIN>
   <PIN pinname="Show Slider" slicecount="1" values="1">
   </PIN>
   <PIN pinname="Minimum" slicecount="1" values="-2">
   </PIN>
   <PIN pinname="Maximum" slicecount="1" values="0">
   </PIN>
   <PIN pinname="Y Input Value" slicecount="4" values="-0.150114942528733,-0.52176245210728,-0.134789272030649,-0.37616858237548">
   </PIN>
   <PIN pinname="Slider Behavior" slicecount="1" values="Slider">
   </PIN>
   <PIN pinname="Slider Constraints" slicecount="1" values="None">
   </PIN>
   <PIN pinname="X Input Value" slicecount="4" visible="1" pintype="Input" values="-0.640316205533596,-0.517786561264821,-1.23320158102766,-0.996047430830038">
   </PIN>
   <PIN pinname="X Output Value" visible="1" pintype="Output">
   </PIN>
   <PIN pinname="Columns" slicecount="1" values="2">
   </PIN>
   <PIN pinname="Rows" slicecount="1" values="2">
   </PIN>
   <PIN pinname="SliceCount Mode" slicecount="1" values="ColsRowsPages">
   </PIN>
   <PIN pinname="Y Output Value" visible="1">
   </PIN>
   <PIN pinname="Slider Alignment" slicecount="1" values="None">
   </PIN>
   <PIN pinname="Show Connections" slicecount="1" values="1">
   </PIN>
   <PIN pinname="Show Value" slicecount="1" values="0">
   </PIN>
   <PIN pinname="Vector Size" slicecount="1" values="3">
   </PIN>
   </NODE>
   <NODE nodename="IOBox (Value Advanced)" componentmode="InABox" id="2" systemname="IOBox (Value Advanced)">
   <BOUNDS type="Box" left="4795" top="2709" width="795" height="960">
   </BOUNDS>
   <BOUNDS type="Node" left="4795" top="2709" width="0" height="0">
   </BOUNDS>
   <PIN pinname="Units" slicecount="1" values="||">
   </PIN>
   <PIN pinname="Precision" slicecount="1" values="4">
   </PIN>
   <PIN pinname="Rows" slicecount="1" values="4">
   </PIN>
   <PIN pinname="Y Input Value" slicecount="4" values="0,,,">
   </PIN>
   <PIN pinname="Vector Size" slicecount="1" values="4">
   </PIN>
   <PIN pinname="Default" slicecount="1" values="|0, 0, 0, 1|">
   </PIN>
   <PIN pinname="Y Output Value" visible="1">
   </PIN>
   </NODE>
   <LINK srcnodeid="3" srcpinname="X Output Value" dstnodeid="2" dstpinname="Y Input Value" linkstyle="VHV">
   <LINKPOINT x="4823" y="2597">
   </LINKPOINT>
   <LINKPOINT x="4823" y="2597">
   </LINKPOINT>
   </LINK>
   <NODE nodename="IOBox (Value Advanced)" componentmode="InABox" id="1" systemname="IOBox (Value Advanced)">
   <BOUNDS type="Box" left="5663" top="2716" width="791" height="973">
   </BOUNDS>
   <BOUNDS type="Node" left="5663" top="2716" width="0" height="0">
   </BOUNDS>
   <PIN pinname="Units" slicecount="1" values="||">
   </PIN>
   <PIN pinname="Precision" slicecount="1" values="4">
   </PIN>
   <PIN pinname="Rows" slicecount="1" values="4">
   </PIN>
   <PIN pinname="Y Input Value" slicecount="4" values="0,,,">
   </PIN>
   <PIN pinname="Vector Size" slicecount="1" values="4">
   </PIN>
   <PIN pinname="Default" slicecount="1" values="|0, 0, 0, 1|">
   </PIN>
   <PIN pinname="Y Output Value" visible="1">
   </PIN>
   </NODE>
   <LINK srcnodeid="3" srcpinname="Y Output Value" dstnodeid="1" dstpinname="Y Input Value" linkstyle="VHV">
   <LINKPOINT x="6510" y="2597">
   </LINKPOINT>
   <LINKPOINT x="5719" y="2597">
   </LINKPOINT>
   </LINK>
   <NODE systemname="Vector (2d Join)" nodename="Vector (2d Join)" componentmode="Hidden" id="0">
   <BOUNDS type="Node" left="4795" top="3962" width="100" height="100">
   </BOUNDS>
   <PIN pinname="Y" visible="1">
   </PIN>
   <PIN pinname="X" visible="1">
   </PIN>
   <PIN pinname="XY" visible="1">
   </PIN>
   </NODE>
   <LINK srcnodeid="1" srcpinname="Y Output Value" dstnodeid="0" dstpinname="Y" linkstyle="VHV">
   <LINKPOINT x="5640" y="3826">
   </LINKPOINT>
   <LINKPOINT x="5371" y="3826">
   </LINKPOINT>
   </LINK>
   <LINK srcnodeid="2" srcpinname="Y Output Value" dstnodeid="0" dstpinname="X" linkstyle="VHV">
   <LINKPOINT x="4807" y="3812">
   </LINKPOINT>
   <LINKPOINT x="4832" y="3812">
   </LINKPOINT>
   </LINK>
   <LINK srcnodeid="4" srcpinname="XY" dstnodeid="8" dstpinname="Input 2" linkstyle="VHV">
   <LINKPOINT x="2900" y="4604">
   </LINKPOINT>
   <LINKPOINT x="2084" y="4685">
   </LINKPOINT>
   </LINK>
   <LINK srcnodeid="0" srcpinname="XY" dstnodeid="8" dstpinname="Input 3" linkstyle="VHV">
   <LINKPOINT x="4783" y="4601">
   </LINKPOINT>
   <LINKPOINT x="3064" y="4682">
   </LINKPOINT>
   </LINK>
   <PACK Name="addonpack" Version="35.0.0">
   </PACK>
   <NODE id="10" nodename="IOBox (Value Advanced)" componentmode="InABox" systemname="IOBox (Value Advanced)">
   <BOUNDS type="Box" left="1911" top="2716" width="791" height="973">
   </BOUNDS>
   <BOUNDS type="Node" left="1911" top="2716" width="0" height="0">
   </BOUNDS>
   <PIN pinname="Units" slicecount="1" values="||">
   </PIN>
   <PIN pinname="Precision" slicecount="1" values="4">
   </PIN>
   <PIN pinname="Rows" slicecount="1" values="4">
   </PIN>
   <PIN pinname="Y Input Value" slicecount="4" values="0,,,">
   </PIN>
   <PIN pinname="Vector Size" slicecount="1" values="4">
   </PIN>
   <PIN pinname="Default" slicecount="1" values="|0, 0, 0, 1|">
   </PIN>
   <PIN pinname="Y Output Value" visible="1">
   </PIN>
   </NODE>
   <NODE id="11" nodename="IOBox (Value Advanced)" componentmode="InABox" systemname="IOBox (Value Advanced)">
   <BOUNDS type="Box" left="1043" top="2709" width="795" height="960">
   </BOUNDS>
   <BOUNDS type="Node" left="1043" top="2709" width="0" height="0">
   </BOUNDS>
   <PIN pinname="Units" slicecount="1" values="||">
   </PIN>
   <PIN pinname="Precision" slicecount="1" values="4">
   </PIN>
   <PIN pinname="Rows" slicecount="1" values="4">
   </PIN>
   <PIN pinname="Y Input Value" slicecount="4" values="0,,,">
   </PIN>
   <PIN pinname="Vector Size" slicecount="1" values="4">
   </PIN>
   <PIN pinname="Default" slicecount="1" values="|0, 0, 0, 1|">
   </PIN>
   <PIN pinname="Y Output Value" visible="1">
   </PIN>
   </NODE>
   <LINK srcnodeid="11" srcpinname="Y Output Value" dstnodeid="9" dstpinname="X" linkstyle="VHV">
   <LINKPOINT x="1055" y="3812">
   </LINKPOINT>
   <LINKPOINT x="1080" y="3812">
   </LINKPOINT>
   </LINK>
   <LINK srcnodeid="12" srcpinname="X Output Value" dstnodeid="11" dstpinname="Y Input Value" linkstyle="VHV">
   <LINKPOINT x="1071" y="2597">
   </LINKPOINT>
   <LINKPOINT x="1071" y="2597">
   </LINKPOINT>
   </LINK>
   <LINK srcnodeid="10" srcpinname="Y Output Value" dstnodeid="9" dstpinname="Y" linkstyle="VHV">
   <LINKPOINT x="1888" y="3826">
   </LINKPOINT>
   <LINKPOINT x="1619" y="3826">
   </LINKPOINT>
   </LINK>
   <LINK srcnodeid="12" srcpinname="Y Output Value" dstnodeid="10" dstpinname="Y Input Value" linkstyle="VHV">
   <LINKPOINT x="2758" y="2597">
   </LINKPOINT>
   <LINKPOINT x="1967" y="2597">
   </LINKPOINT>
   </LINK>
   <NODE systemname="Count (Value)" nodename="Count (Value)" componentmode="Hidden" id="17">
   <BOUNDS type="Node" left="245" top="3969" width="100" height="100">
   </BOUNDS>
   <PIN pinname="Input" visible="1">
   </PIN>
   <PIN pinname="Count" visible="1">
   </PIN>
   </NODE>
   <LINK srcnodeid="9" srcpinname="XY" dstnodeid="17" dstpinname="Input">
   </LINK>
   <NODE nodename="IOBox (Value Advanced)" componentmode="InABox" id="18">
   <BOUNDS type="Box" left="238" top="4291" width="693" height="210">
   </BOUNDS>
   <BOUNDS type="Node" left="238" top="4291" width="0" height="0">
   </BOUNDS>
   <PIN pinname="Units" slicecount="1" values="||">
   </PIN>
   <PIN pinname="Precision" slicecount="1" values="4">
   </PIN>
   <PIN pinname="Value Type" slicecount="1" values="Integer">
   </PIN>
   </NODE>
   <LINK srcnodeid="17" srcpinname="Count" dstnodeid="18" dstpinname="Y Input Value">
   </LINK>
   <NODE systemname="Count (Value)" nodename="Count (Value)" componentmode="Hidden" id="20">
   <BOUNDS type="Node" left="2156" top="3962" width="100" height="100">
   </BOUNDS>
   <PIN pinname="Input" visible="1" slicecount="1" values="0">
   </PIN>
   <PIN pinname="Count" visible="1">
   </PIN>
   </NODE>
   <NODE nodename="IOBox (Value Advanced)" componentmode="InABox" id="19">
   <BOUNDS type="Box" left="2149" top="4284" width="693" height="210">
   </BOUNDS>
   <BOUNDS type="Node" left="2149" top="4284" width="0" height="0">
   </BOUNDS>
   <PIN pinname="Units" slicecount="1" values="||">
   </PIN>
   <PIN pinname="Precision" slicecount="1" values="4">
   </PIN>
   <PIN pinname="Value Type" slicecount="1" values="Integer">
   </PIN>
   </NODE>
   <LINK srcnodeid="20" srcpinname="Count" dstnodeid="19" dstpinname="Y Input Value">
   </LINK>
   <LINK srcnodeid="4" srcpinname="XY" dstnodeid="20" dstpinname="Input">
   </LINK>
   <NODE systemname="Count (Value)" nodename="Count (Value)" componentmode="Hidden" id="22">
   <BOUNDS type="Node" left="4018" top="3976" width="100" height="100">
   </BOUNDS>
   <PIN pinname="Input" visible="1" slicecount="1" values="0">
   </PIN>
   <PIN pinname="Count" visible="1">
   </PIN>
   </NODE>
   <NODE nodename="IOBox (Value Advanced)" componentmode="InABox" id="21">
   <BOUNDS type="Box" left="4011" top="4298" width="693" height="210">
   </BOUNDS>
   <BOUNDS type="Node" left="4011" top="4298" width="0" height="0">
   </BOUNDS>
   <PIN pinname="Units" slicecount="1" values="||">
   </PIN>
   <PIN pinname="Precision" slicecount="1" values="4">
   </PIN>
   <PIN pinname="Value Type" slicecount="1" values="Integer">
   </PIN>
   </NODE>
   <LINK srcnodeid="22" srcpinname="Count" dstnodeid="21" dstpinname="Y Input Value">
   </LINK>
   <LINK srcnodeid="0" srcpinname="XY" dstnodeid="22" dstpinname="Input">
   </LINK>
   <NODE systemname="Count (Value)" nodename="Count (Value)" componentmode="Hidden" id="23">
   <BOUNDS type="Node" left="2142" top="6006" width="100" height="100">
   </BOUNDS>
   <PIN pinname="Input" visible="1">
   </PIN>
   <PIN pinname="Count" visible="1">
   </PIN>
   </NODE>
   <LINK srcnodeid="8" srcpinname="Output" dstnodeid="23" dstpinname="Input">
   </LINK>
   <NODE nodename="IOBox (Value Advanced)" componentmode="InABox" id="24">
   <BOUNDS type="Box" left="2163" top="6699" width="693" height="210">
   </BOUNDS>
   <BOUNDS type="Node" left="2163" top="6699" width="0" height="0">
   </BOUNDS>
   <PIN pinname="Units" slicecount="1" values="||">
   </PIN>
   <PIN pinname="Precision" slicecount="1" values="4">
   </PIN>
   <PIN pinname="Value Type" slicecount="1" values="Integer">
   </PIN>
   <PIN pinname="Descriptive Name" slicecount="1" values="Count">
   </PIN>
   </NODE>
   <LINK srcnodeid="23" srcpinname="Count" dstnodeid="24" dstpinname="Y Input Value">
   </LINK>
   <NODE nodename="IOBox (Value Advanced)" componentmode="InABox" id="25">
   <BOUNDS type="Box" left="749" top="6510" width="693" height="210">
   </BOUNDS>
   <BOUNDS type="Node" left="749" top="6510" width="0" height="0">
   </BOUNDS>
   <PIN pinname="Units" slicecount="1" values="||">
   </PIN>
   <PIN pinname="Precision" slicecount="1" values="4">
   </PIN>
   <PIN pinname="Descriptive Name" slicecount="1" values="Output">
   </PIN>
   </NODE>
   <LINK srcnodeid="8" srcpinname="Output" dstnodeid="25" dstpinname="Y Input Value">
   </LINK>
   </PATCH>