<!DOCTYPE PATCH  SYSTEM "http://vvvv.org/versions/vvvv50beta35.5.dtd" >
   <PATCH nodename="C:\Users\janme\Desktop\initnew.v4p" systemname="initnew" filename="C:\Users\janme\Desktop\initnew.v4p" scrollx="0" scrolly="-360">
   <BOUNDS type="Window" left="4005" top="765" width="12570" height="10230">
   </BOUNDS>
   <PACK Name="addonpack" Version="35.0.0">
   </PACK>
   <NODE systemname="Quad (DX11.Layer)" filename="%VVVV%\packs\dx11\nodes\plugins\VVVV.DX11.Nodes.dll" nodename="Quad (DX11.Layer)" componentmode="Hidden" id="0">
   <BOUNDS type="Node" left="1635" top="2940" width="100" height="100">
   </BOUNDS>
   <PIN pinname="Transform" visible="1" slicecount="1" values="||">
   </PIN>
   <PIN pinname="Layer" visible="1">
   </PIN>
   <PIN pinname="Color" visible="1">
   </PIN>
   </NODE>
   <NODE systemname="Transform (Transform 3d Vector)" filename="" nodename="Transform (Transform 3d Vector)" componentmode="Hidden" id="2">
   <BOUNDS type="Node" left="1890" top="2385" width="100" height="100">
   </BOUNDS>
   <PIN pinname="Transform Out" visible="1">
   </PIN>
   <PIN pinname="Translate XYZ" visible="1" slicecount="3" values="0,0,0">
   </PIN>
   <PIN pinname="Rotate XYZ" visible="1">
   </PIN>
   <PIN pinname="Scale XYZ" visible="1" slicecount="3" values="0.05,0.05,0.05">
   </PIN>
   </NODE>
   <LINK srcnodeid="2" srcpinname="Transform Out" dstnodeid="0" dstpinname="Transform">
   </LINK>
   <NODE nodename="IOBox (Value Advanced)" componentmode="InABox" id="3" systemname="IOBox (Value Advanced)">
   <BOUNDS type="Box" left="1500" top="30" width="1650" height="1185">
   </BOUNDS>
   <BOUNDS type="Node" left="1500" top="30" width="0" height="0">
   </BOUNDS>
   <PIN pinname="Y Input Value" slicecount="4" visible="1" values="0.4,0.56,-0.4,-0.56">
   </PIN>
   <PIN pinname="Units" slicecount="1" values="||">
   </PIN>
   <PIN pinname="Precision" slicecount="1" values="4">
   </PIN>
   <PIN pinname="Vector Size" slicecount="1" values="3">
   </PIN>
   <PIN pinname="Rows" slicecount="1" values="2">
   </PIN>
   <PIN pinname="Columns" slicecount="1" values="2">
   </PIN>
   <PIN pinname="Y Output Value" visible="1">
   </PIN>
   <PIN pinname="SliceCount Mode" slicecount="1" values="ColsRowsPages">
   </PIN>
   </NODE>
   <NODE systemname="Vector (2d Split)" nodename="Vector (2d Split)" componentmode="Hidden" id="8">
   <BOUNDS type="Node" left="2385" top="1455" width="100" height="100">
   </BOUNDS>
   <PIN pinname="XY" visible="1">
   </PIN>
   <PIN pinname="X" visible="1">
   </PIN>
   <PIN pinname="Y" visible="1">
   </PIN>
   </NODE>
   <NODE systemname="Vector (3d Join)" nodename="Vector (3d Join)" componentmode="Hidden" id="9">
   <BOUNDS type="Node" left="2355" top="1785" width="100" height="100">
   </BOUNDS>
   <PIN pinname="X" visible="1">
   </PIN>
   <PIN pinname="Z" visible="1">
   </PIN>
   <PIN pinname="XYZ" visible="1">
   </PIN>
   </NODE>
   <LINK srcnodeid="3" srcpinname="Y Output Value" dstnodeid="8" dstpinname="XY">
   <LINKPOINT x="2190" y="1515">
   </LINKPOINT>
   </LINK>
   <LINK srcnodeid="8" srcpinname="X" dstnodeid="9" dstpinname="X">
   </LINK>
   <LINK srcnodeid="8" srcpinname="Y" dstnodeid="9" dstpinname="Z">
   </LINK>
   <LINK srcnodeid="9" srcpinname="XYZ" dstnodeid="2" dstpinname="Translate XYZ">
   </LINK>
   <NODE nodename="IOBox (Node)" componentmode="InABox" id="10" systemname="IOBox (Node)">
   <BOUNDS type="Box" left="1635" top="3915" width="795" height="240">
   </BOUNDS>
   <BOUNDS type="Node" left="1635" top="3915" width="0" height="0">
   </BOUNDS>
   <PIN pinname="Descriptive Name" slicecount="1" values="Layer">
   </PIN>
   <PIN pinname="Input Node" visible="1" slicecount="1" values="||">
   </PIN>
   </NODE>
   <NODE systemname="RGB (Color Join)" nodename="RGB (Color Join)" componentmode="Hidden" id="11">
   <BOUNDS type="Node" left="4035" top="2145" width="100" height="100">
   </BOUNDS>
   <PIN pinname="Output" visible="1">
   </PIN>
   <PIN pinname="Green" slicecount="1" values="0">
   </PIN>
   <PIN pinname="Blue" slicecount="1" values="0">
   </PIN>
   </NODE>
   <LINK srcnodeid="11" srcpinname="Output" dstnodeid="0" dstpinname="Color">
   </LINK>
   <NODE nodename="IOBox (Value Advanced)" componentmode="InABox" id="12" systemname="IOBox (Value Advanced)">
   <BOUNDS type="Box" left="3660" top="1260" width="795" height="720">
   </BOUNDS>
   <BOUNDS type="Node" left="3660" top="1260" width="0" height="0">
   </BOUNDS>
   <PIN pinname="Y Input Value" slicecount="3" visible="1" values="0.25,0,0">
   </PIN>
   <PIN pinname="Units" slicecount="1" values="||">
   </PIN>
   <PIN pinname="Precision" slicecount="1" values="4">
   </PIN>
   <PIN pinname="Vector Size" slicecount="1" values="3">
   </PIN>
   <PIN pinname="Rows" slicecount="1" values="3">
   </PIN>
   <PIN pinname="Y Output Value" visible="1">
   </PIN>
   </NODE>
   <LINK srcnodeid="12" srcpinname="Y Output Value" dstnodeid="2" dstpinname="Rotate XYZ">
   </LINK>
   <NODE nodename="IOBox (Value Advanced)" componentmode="InABox" id="14" systemname="IOBox (Value Advanced)">
   <BOUNDS type="Box" left="4950" top="495" width="795" height="720">
   </BOUNDS>
   <BOUNDS type="Node" left="4950" top="495" width="0" height="0">
   </BOUNDS>
   <PIN pinname="Y Input Value" slicecount="3" visible="1" values="0.39,0,0.56">
   </PIN>
   <PIN pinname="Units" slicecount="1" values="||">
   </PIN>
   <PIN pinname="Precision" slicecount="1" values="4">
   </PIN>
   <PIN pinname="Vector Size" slicecount="1" values="3">
   </PIN>
   <PIN pinname="Rows" slicecount="1" values="3">
   </PIN>
   <PIN pinname="Y Output Value" visible="1">
   </PIN>
   <PIN pinname="Descriptive Name" slicecount="1" values="Kalibrierungshand">
   </PIN>
   </NODE>
   <NODE systemname="Quad (DX11.Layer)" filename="%VVVV%\packs\dx11\nodes\plugins\VVVV.DX11.Nodes.dll" nodename="Quad (DX11.Layer)" componentmode="Hidden" id="16">
   <BOUNDS type="Node" left="4770" top="2805" width="100" height="100">
   </BOUNDS>
   <PIN pinname="Transform" visible="1" slicecount="1" values="||">
   </PIN>
   <PIN pinname="Layer" visible="1">
   </PIN>
   <PIN pinname="Color" visible="1" slicecount="1" values="|1.00000,1.00000,1.00000,1.00000|">
   </PIN>
   </NODE>
   <NODE systemname="Transform (Transform 3d Vector)" filename="" nodename="Transform (Transform 3d Vector)" componentmode="Hidden" id="15">
   <BOUNDS type="Node" left="5025" top="2250" width="100" height="100">
   </BOUNDS>
   <PIN pinname="Transform Out" visible="1">
   </PIN>
   <PIN pinname="Translate XYZ" visible="1" slicecount="3" values="0,0,0">
   </PIN>
   <PIN pinname="Rotate XYZ" visible="1" slicecount="3" values="0,0,0">
   </PIN>
   <PIN pinname="Scale XYZ" visible="1" slicecount="3" values="0.05,0.05,0.05">
   </PIN>
   </NODE>
   <LINK srcnodeid="15" srcpinname="Transform Out" dstnodeid="16" dstpinname="Transform">
   </LINK>
   <NODE systemname="Group (DX11.Layer)" filename="%VVVV%\packs\dx11\nodes\plugins\VVVV.DX11.Nodes.dll" nodename="Group (DX11.Layer)" componentmode="Hidden" id="17">
   <BOUNDS type="Node" left="3660" top="3465" width="100" height="100">
   </BOUNDS>
   <PIN pinname="Layer 1" visible="1">
   </PIN>
   <PIN pinname="Layer 2" visible="1">
   </PIN>
   <PIN pinname="Layer Out" visible="1">
   </PIN>
   </NODE>
   <LINK srcnodeid="0" srcpinname="Layer" dstnodeid="17" dstpinname="Layer 1">
   </LINK>
   <LINK srcnodeid="16" srcpinname="Layer" dstnodeid="17" dstpinname="Layer 2">
   </LINK>
   <LINK srcnodeid="14" srcpinname="Y Output Value" dstnodeid="15" dstpinname="Translate XYZ">
   </LINK>
   <NODE systemname="RGB (Color Join)" nodename="RGB (Color Join)" componentmode="Hidden" id="18">
   <BOUNDS type="Node" left="5970" top="2370" width="100" height="100">
   </BOUNDS>
   <PIN pinname="Red" slicecount="1" values="0">
   </PIN>
   <PIN pinname="Blue" slicecount="1" values="0">
   </PIN>
   <PIN pinname="Output" visible="1">
   </PIN>
   </NODE>
   <LINK srcnodeid="17" srcpinname="Layer Out" dstnodeid="10" dstpinname="Input Node">
   </LINK>
   <LINK srcnodeid="18" srcpinname="Output" dstnodeid="16" dstpinname="Color">
   </LINK>
   <LINK srcnodeid="12" srcpinname="Y Output Value" dstnodeid="15" dstpinname="Rotate XYZ">
   </LINK>
   <NODE systemname="S+H (Animation)" nodename="S+H (Animation)" componentmode="Hidden" id="19">
   <BOUNDS type="Node" left="6585" top="1485" width="100" height="100">
   </BOUNDS>
   <PIN pinname="Input" visible="1">
   </PIN>
   <PIN pinname="Output" visible="1">
   </PIN>
   <PIN pinname="Set" visible="1">
   </PIN>
   </NODE>
   <LINK srcnodeid="14" srcpinname="Y Output Value" dstnodeid="19" dstpinname="Input">
   </LINK>
   <NODE nodename="IOBox (Value Advanced)" componentmode="InABox" id="20" systemname="IOBox (Value Advanced)">
   <BOUNDS type="Box" left="7125" top="2715" width="1125" height="1035">
   </BOUNDS>
   <BOUNDS type="Node" left="7125" top="2715" width="0" height="0">
   </BOUNDS>
   <PIN pinname="Units" slicecount="1" values="||">
   </PIN>
   <PIN pinname="Precision" slicecount="1" values="4">
   </PIN>
   <PIN pinname="Rows" slicecount="1" values="3">
   </PIN>
   <PIN pinname="Y Output Value" visible="1">
   </PIN>
   </NODE>
   <LINK srcnodeid="19" srcpinname="Output" dstnodeid="20" dstpinname="Y Input Value">
   </LINK>
   <NODE nodename="IOBox (Value Advanced)" componentmode="InABox" id="21" systemname="IOBox (Value Advanced)">
   <BOUNDS type="Box" left="7485" top="480" width="480" height="480">
   </BOUNDS>
   <BOUNDS type="Node" left="7485" top="480" width="0" height="0">
   </BOUNDS>
   <PIN pinname="Y Input Value" slicecount="1" visible="1" values="0">
   </PIN>
   <PIN pinname="Units" slicecount="1" values="||">
   </PIN>
   <PIN pinname="Precision" slicecount="1" values="4">
   </PIN>
   <PIN pinname="Value Type" slicecount="1" values="Boolean">
   </PIN>
   <PIN pinname="Behavior" slicecount="1" values="Bang">
   </PIN>
   <PIN pinname="X Input Value" slicecount="1" values="0">
   </PIN>
   </NODE>
   <LINK srcnodeid="21" srcpinname="Y Output Value" dstnodeid="19" dstpinname="Set">
   </LINK>
   <NODE nodename="IOBox (String)" componentmode="InABox" id="23" systemname="IOBox (String)">
   <BOUNDS type="Node" left="7170" top="2265" width="825" height="270">
   </BOUNDS>
   <BOUNDS type="Box" left="7170" top="2265" width="825" height="270">
   </BOUNDS>
   <PIN pinname="Input String" visible="0" slicecount="1" values="minimum">
   </PIN>
   <PIN pinname="Output String" visible="0">
   </PIN>
   <PIN pinname="Show Grid" slicecount="1" values="0">
   </PIN>
   <PIN pinname="String Type" slicecount="1" values="MultiLine">
   </PIN>
   </NODE>
   <NODE systemname="S+H (Animation)" nodename="S+H (Animation)" componentmode="Hidden" id="27">
   <BOUNDS type="Node" left="9090" top="1020" width="100" height="100">
   </BOUNDS>
   <PIN pinname="Input" visible="1" slicecount="1" values="0">
   </PIN>
   <PIN pinname="Output" visible="1">
   </PIN>
   <PIN pinname="Set" visible="1">
   </PIN>
   </NODE>
   <NODE nodename="IOBox (Value Advanced)" componentmode="InABox" id="26" systemname="IOBox (Value Advanced)">
   <BOUNDS type="Box" left="9630" top="2250" width="750" height="855">
   </BOUNDS>
   <BOUNDS type="Node" left="9630" top="2250" width="0" height="0">
   </BOUNDS>
   <PIN pinname="Units" slicecount="1" values="||">
   </PIN>
   <PIN pinname="Precision" slicecount="1" values="4">
   </PIN>
   <PIN pinname="Rows" slicecount="1" values="3">
   </PIN>
   <PIN pinname="Y Output Value" visible="1">
   </PIN>
   </NODE>
   <LINK srcnodeid="27" srcpinname="Output" dstnodeid="26" dstpinname="Y Input Value">
   </LINK>
   <NODE nodename="IOBox (Value Advanced)" componentmode="InABox" id="25" systemname="IOBox (Value Advanced)">
   <BOUNDS type="Box" left="10785" top="690" width="480" height="480">
   </BOUNDS>
   <BOUNDS type="Node" left="10785" top="690" width="0" height="0">
   </BOUNDS>
   <PIN pinname="Y Input Value" slicecount="1" visible="1" values="0">
   </PIN>
   <PIN pinname="Units" slicecount="1" values="||">
   </PIN>
   <PIN pinname="Precision" slicecount="1" values="4">
   </PIN>
   <PIN pinname="Value Type" slicecount="1" values="Boolean">
   </PIN>
   <PIN pinname="Behavior" slicecount="1" values="Bang">
   </PIN>
   <PIN pinname="X Input Value" slicecount="1" values="0">
   </PIN>
   </NODE>
   <LINK srcnodeid="25" srcpinname="Y Output Value" dstnodeid="27" dstpinname="Set">
   </LINK>
   <NODE nodename="IOBox (String)" componentmode="InABox" id="24" systemname="IOBox (String)">
   <BOUNDS type="Node" left="9675" top="1800" width="825" height="270">
   </BOUNDS>
   <BOUNDS type="Box" left="9675" top="1800" width="825" height="270">
   </BOUNDS>
   <PIN pinname="Input String" visible="0" slicecount="1" values="|maximum&cr;&lf;&cr;&lf;|">
   </PIN>
   <PIN pinname="Output String" visible="0">
   </PIN>
   <PIN pinname="Show Grid" slicecount="1" values="0">
   </PIN>
   <PIN pinname="String Type" slicecount="1" values="MultiLine">
   </PIN>
   </NODE>
   <LINK srcnodeid="14" srcpinname="Y Output Value" dstnodeid="27" dstpinname="Input">
   </LINK>
   <NODE systemname="Map (Value)" nodename="Map (Value)" componentmode="Hidden" id="28">
   <BOUNDS type="Node" left="6540" top="6225" width="100" height="100">
   </BOUNDS>
   <PIN pinname="Destination Minimum" visible="1" slicecount="1" values="0.4">
   </PIN>
   <PIN pinname="Destination Maximum" visible="1">
   </PIN>
   <PIN pinname="Source Minimum" visible="1">
   </PIN>
   <PIN pinname="Source Maximum" visible="1">
   </PIN>
   </NODE>
   <NODE systemname="GetSlice (Spreads)" nodename="GetSlice (Spreads)" componentmode="Hidden" id="29">
   <BOUNDS type="Node" left="5340" top="4320" width="100" height="100">
   </BOUNDS>
   <PIN pinname="Input" visible="1">
   </PIN>
   <PIN pinname="Output" visible="1">
   </PIN>
   <PIN pinname="Bin Size" slicecount="1" values="2">
   </PIN>
   </NODE>
   <LINK srcnodeid="3" srcpinname="Y Output Value" dstnodeid="29" dstpinname="Input">
   </LINK>
   <NODE systemname="Vector (2d Split)" nodename="Vector (2d Split)" componentmode="Hidden" id="30">
   <BOUNDS type="Node" left="5625" top="4695" width="100" height="100">
   </BOUNDS>
   <PIN pinname="XY" visible="1">
   </PIN>
   <PIN pinname="X" visible="1">
   </PIN>
   <PIN pinname="Y" visible="1">
   </PIN>
   </NODE>
   <LINK srcnodeid="29" srcpinname="Output" dstnodeid="30" dstpinname="XY">
   <LINKPOINT x="5700" y="4815">
   </LINKPOINT>
   </LINK>
   <NODE systemname="GetSlice (Spreads)" nodename="GetSlice (Spreads)" componentmode="Hidden" id="32">
   <BOUNDS type="Node" left="6345" top="4275" width="100" height="100">
   </BOUNDS>
   <PIN pinname="Input" visible="1" slicecount="1" values="0">
   </PIN>
   <PIN pinname="Output" visible="1">
   </PIN>
   <PIN pinname="Bin Size" slicecount="1" values="2">
   </PIN>
   <PIN pinname="Index" slicecount="1" values="1">
   </PIN>
   </NODE>
   <NODE systemname="Vector (2d Split)" nodename="Vector (2d Split)" componentmode="Hidden" id="31">
   <BOUNDS type="Node" left="6630" top="4650" width="100" height="100">
   </BOUNDS>
   <PIN pinname="XY" visible="1">
   </PIN>
   <PIN pinname="X" visible="1">
   </PIN>
   <PIN pinname="Y" visible="1">
   </PIN>
   </NODE>
   <LINK srcnodeid="32" srcpinname="Output" dstnodeid="31" dstpinname="XY">
   <LINKPOINT x="6705" y="4770">
   </LINKPOINT>
   </LINK>
   <LINK srcnodeid="3" srcpinname="Y Output Value" dstnodeid="32" dstpinname="Input">
   </LINK>
   <LINK srcnodeid="30" srcpinname="X" dstnodeid="28" dstpinname="Destination Maximum">
   </LINK>
   <LINK srcnodeid="31" srcpinname="X" dstnodeid="28" dstpinname="Destination Minimum">
   </LINK>
   <NODE systemname="Map (Value)" nodename="Map (Value)" componentmode="Hidden" id="33">
   <BOUNDS type="Node" left="8895" top="6375" width="100" height="100">
   </BOUNDS>
   <PIN pinname="Destination Minimum" visible="1" slicecount="1" values="0.4">
   </PIN>
   <PIN pinname="Destination Maximum" visible="1" slicecount="1" values="1">
   </PIN>
   <PIN pinname="Source Minimum" visible="1">
   </PIN>
   <PIN pinname="Source Maximum" visible="1">
   </PIN>
   <PIN pinname="Input" visible="1">
   </PIN>
   </NODE>
   <LINK srcnodeid="30" srcpinname="Y" dstnodeid="33" dstpinname="Destination Maximum">
   </LINK>
   <LINK srcnodeid="31" srcpinname="Y" dstnodeid="33" dstpinname="Destination Minimum">
   </LINK>
   <NODE nodename="IOBox (String)" componentmode="InABox" id="34" systemname="IOBox (String)">
   <BOUNDS type="Node" left="5970" top="6090" width="240" height="270">
   </BOUNDS>
   <BOUNDS type="Box" left="5970" top="6090" width="240" height="270">
   </BOUNDS>
   <PIN pinname="Input String" visible="0" slicecount="1" values="x">
   </PIN>
   <PIN pinname="Output String" visible="0">
   </PIN>
   <PIN pinname="Show Grid" slicecount="1" values="0">
   </PIN>
   <PIN pinname="String Type" slicecount="1" values="MultiLine">
   </PIN>
   </NODE>
   <NODE systemname="Vector (3d Split)" nodename="Vector (3d Split)" componentmode="Hidden" id="36">
   <BOUNDS type="Node" left="7770" top="4245" width="100" height="100">
   </BOUNDS>
   <PIN pinname="XYZ" visible="1">
   </PIN>
   <PIN pinname="X" visible="1">
   </PIN>
   <PIN pinname="Z" visible="1">
   </PIN>
   </NODE>
   <NODE systemname="Vector (3d Split)" nodename="Vector (3d Split)" componentmode="Hidden" id="37">
   <BOUNDS type="Node" left="9375" top="4470" width="100" height="100">
   </BOUNDS>
   <PIN pinname="XYZ" visible="1">
   </PIN>
   <PIN pinname="X" visible="1">
   </PIN>
   <PIN pinname="Z" visible="1">
   </PIN>
   </NODE>
   <LINK srcnodeid="26" srcpinname="Y Output Value" dstnodeid="37" dstpinname="XYZ">
   </LINK>
   <LINK srcnodeid="20" srcpinname="Y Output Value" dstnodeid="36" dstpinname="XYZ">
   </LINK>
   <LINK srcnodeid="36" srcpinname="X" dstnodeid="28" dstpinname="Source Minimum">
   </LINK>
   <LINK srcnodeid="36" srcpinname="Z" dstnodeid="33" dstpinname="Source Minimum">
   </LINK>
   <LINK srcnodeid="37" srcpinname="X" dstnodeid="28" dstpinname="Source Maximum">
   </LINK>
   <LINK srcnodeid="37" srcpinname="Z" dstnodeid="33" dstpinname="Source Maximum">
   </LINK>
   <NODE nodename="IOBox (Value Advanced)" componentmode="InABox" id="38" systemname="IOBox (Value Advanced)">
   <BOUNDS type="Box" left="10485" top="5730" width="795" height="240">
   </BOUNDS>
   <BOUNDS type="Node" left="10485" top="5730" width="0" height="0">
   </BOUNDS>
   <PIN pinname="Y Input Value" slicecount="1" visible="1" values="0.5">
   </PIN>
   <PIN pinname="Units" slicecount="1" values="||">
   </PIN>
   <PIN pinname="Precision" slicecount="1" values="4">
   </PIN>
   </NODE>
   <LINK srcnodeid="38" srcpinname="Y Output Value" dstnodeid="33" dstpinname="Input">
   </LINK>
   <NODE nodename="IOBox (String)" componentmode="InABox" id="39" systemname="IOBox (String)">
   <BOUNDS type="Node" left="9045" top="5430" width="2490" height="270">
   </BOUNDS>
   <BOUNDS type="Box" left="9045" top="5430" width="2490" height="270">
   </BOUNDS>
   <PIN pinname="Input String" visible="0" slicecount="1" values="|alle hände die ich analysieren will|">
   </PIN>
   <PIN pinname="Output String" visible="0">
   </PIN>
   <PIN pinname="Show Grid" slicecount="1" values="0">
   </PIN>
   <PIN pinname="String Type" slicecount="1" values="MultiLine">
   </PIN>
   </NODE>
   <NODE nodename="IOBox (String)" componentmode="InABox" id="41" systemname="IOBox (String)">
   <BOUNDS type="Node" left="7350" top="7275" width="1380" height="270">
   </BOUNDS>
   <BOUNDS type="Box" left="7350" top="7275" width="1380" height="270">
   </BOUNDS>
   <PIN pinname="Input String" visible="0" slicecount="1" values="|vector3 raus hier|">
   </PIN>
   <PIN pinname="Output String" visible="0">
   </PIN>
   <PIN pinname="Show Grid" slicecount="1" values="0">
   </PIN>
   <PIN pinname="String Type" slicecount="1" values="MultiLine">
   </PIN>
   </NODE>
   <NODE nodename="IOBox (String)" componentmode="InABox" id="42" systemname="IOBox (String)">
   <BOUNDS type="Node" left="8880" top="180" width="1020" height="270">
   </BOUNDS>
   <BOUNDS type="Box" left="8880" top="180" width="1020" height="270">
   </BOUNDS>
   <PIN pinname="Input String" visible="0" slicecount="1" values="|vector3 rein|">
   </PIN>
   <PIN pinname="Output String" visible="0">
   </PIN>
   <PIN pinname="Show Grid" slicecount="1" values="0">
   </PIN>
   <PIN pinname="String Type" slicecount="1" values="MultiLine">
   </PIN>
   </NODE>
   </PATCH>