<!DOCTYPE PATCH  SYSTEM "http://vvvv.org/versions/vvvv50beta35.7.dtd" >
   <PATCH nodename="C:\Users\Tang Cam Hong Pham\Documents\P6 - Git\Software\Patches\subpatches\leafhit.v4p" scrollx="0" scrolly="2153" systemname="leafhit" filename="C:\Users\Tang Cam Hong Pham\Documents\P6 - Git\vvvv\subpatches\leafhit.v4p">
   <BOUNDS type="Window" left="10052" top="2793" width="8995" height="5999">
   </BOUNDS>
   <NODE systemname="HitTest (2d Circle)" filename="%VVVV%\addonpack\lib\nodes\plugins\HitTest2dNodes.dll" nodename="HitTest (2d Circle)" componentmode="Hidden" id="6">
   <BOUNDS type="Node" left="3927" top="3150" width="100" height="100">
   </BOUNDS>
   <PIN pinname="PointsXY" visible="1">
   </PIN>
   <PIN pinname="Object Hit" visible="1">
   </PIN>
   <PIN pinname="Transform In" visible="1">
   </PIN>
   </NODE>
   <NODE systemname="Mouse (Devices Window)" filename="%VVVV%\lib\nodes\plugins\VVVV.Nodes.dll" nodename="Mouse (Devices Window)" componentmode="Hidden" id="5">
   <BOUNDS type="Node" left="4900" top="833" width="100" height="100">
   </BOUNDS>
   <BOUNDS type="Box" left="4900" top="833" width="1400" height="1400">
   </BOUNDS>
   <PIN pinname="PositionXY" visible="1">
   </PIN>
   </NODE>
   <LINK srcnodeid="5" srcpinname="PositionXY" dstnodeid="6" dstpinname="PointsXY">
   </LINK>
   <NODE systemname="Transform (Transform 2d Vector)" nodename="Transform (Transform 2d Vector)" componentmode="Hidden" id="4">
   <BOUNDS type="Node" left="2436" top="2569" width="100" height="100">
   </BOUNDS>
   <PIN pinname="TranslateXY" visible="1" slicecount="34" values="0.185770750988143,0.267509578544063,0.339920948616602,0.489731800766284,0.825177238220717,0.0788859416445629,0.588932806324111,0.0184674329501932,0.399209486166008,0.815402298850575,0.584980237154151,0.646819923371647,0.648221343873518,0.857547892720308,0.881422924901186,0.33264367816092,0.912133759959848,0.74555260831123,-0.280632411067194,0.516551724137932,-0.482213438735177,0.665977011494254,-0.621463077984816,0.205322723253758,-0.83399209486166,0.750268199233718,-0.640316205533596,-0.150114942528733,-0.5098814229249,-0.52176245210728,-1.28853754940711,-0.180766283524902,-0.996047430830038,-0.383831417624522">
   </PIN>
   <PIN pinname="Transform Out" visible="1">
   </PIN>
   <PIN pinname="ScaleXY" slicecount="2" visible="1" values="0.2,0.2">
   </PIN>
   <PIN pinname="Transform In" visible="1" slicecount="1" values="||">
   </PIN>
   </NODE>
   <LINK srcnodeid="4" srcpinname="Transform Out" dstnodeid="6" dstpinname="Transform In">
   </LINK>
   <NODE nodename="IOBox (Value Advanced)" componentmode="InABox" id="3" systemname="IOBox (Value Advanced)">
   <BOUNDS type="Box" left="4466" top="3619" width="1246" height="728">
   </BOUNDS>
   <BOUNDS type="Node" left="4466" top="3619" width="0" height="0">
   </BOUNDS>
   <PIN pinname="Units" slicecount="1" values="||">
   </PIN>
   <PIN pinname="Precision" slicecount="1" values="4">
   </PIN>
   <PIN pinname="Value Type" slicecount="1" values="Boolean">
   </PIN>
   <PIN pinname="Behavior" slicecount="1" values="Toggle">
   </PIN>
   <PIN pinname="Rows" slicecount="1" values="1">
   </PIN>
   <PIN pinname="Y Output Value" visible="1">
   </PIN>
   <PIN pinname="Vector Size" slicecount="1" values="1">
   </PIN>
   <PIN pinname="Columns" slicecount="1" values="1">
   </PIN>
   </NODE>
   <LINK srcnodeid="6" srcpinname="Object Hit" dstnodeid="3" dstpinname="Y Input Value">
   </LINK>
   <NODE systemname="Switch (Value Input)" nodename="Switch (Value Input)" componentmode="Hidden" id="2">
   <BOUNDS type="Node" left="4550" top="5614" width="100" height="100">
   </BOUNDS>
   <PIN pinname="Switch" visible="1">
   </PIN>
   <PIN pinname="Output" visible="1">
   </PIN>
   <PIN pinname="Input 1" slicecount="1" visible="1" values="0">
   </PIN>
   <PIN pinname="Input 2" slicecount="1" visible="1" values="2.53">
   </PIN>
   </NODE>
   <LINK srcnodeid="3" srcpinname="Y Output Value" dstnodeid="2" dstpinname="Switch">
   </LINK>
   <NODE nodename="IOBox (Value Advanced)" componentmode="InABox" id="1" systemname="IOBox (Value Advanced)">
   <BOUNDS type="Box" left="4851" top="5075" width="693" height="210">
   </BOUNDS>
   <BOUNDS type="Node" left="4851" top="5075" width="0" height="0">
   </BOUNDS>
   <PIN pinname="Y Input Value" slicecount="1" visible="1" values="0.8">
   </PIN>
   <PIN pinname="Units" slicecount="1" values="||">
   </PIN>
   <PIN pinname="Precision" slicecount="1" values="4">
   </PIN>
   </NODE>
   <LINK srcnodeid="1" srcpinname="Y Output Value" dstnodeid="2" dstpinname="Input 1">
   </LINK>
   <NODE nodename="IOBox (Value Advanced)" componentmode="InABox" id="0" systemname="IOBox (Value Advanced)">
   <BOUNDS type="Box" left="5124" top="4613" width="693" height="210">
   </BOUNDS>
   <BOUNDS type="Node" left="5124" top="4613" width="0" height="0">
   </BOUNDS>
   <PIN pinname="Y Input Value" slicecount="1" visible="1" values="1.16">
   </PIN>
   <PIN pinname="Units" slicecount="1" values="||">
   </PIN>
   <PIN pinname="Precision" slicecount="1" values="4">
   </PIN>
   </NODE>
   <LINK srcnodeid="0" srcpinname="Y Output Value" dstnodeid="2" dstpinname="Input 2">
   </LINK>
   <NODE nodename="IOBox (Value Advanced)" componentmode="InABox" id="7" systemname="IOBox (Value Advanced)">
   <BOUNDS type="Box" left="1106" top="805" width="693" height="420">
   </BOUNDS>
   <BOUNDS type="Node" left="1106" top="805" width="0" height="0">
   </BOUNDS>
   <PIN pinname="Y Input Value" slicecount="34" visible="1" values="0.185770750988143,0.267509578544063,0.339920948616602,0.489731800766284,0.825177238220717,0.0788859416445629,0.588932806324111,0.0184674329501932,0.399209486166008,0.815402298850575,0.584980237154151,0.646819923371647,0.648221343873518,0.857547892720308,0.881422924901186,0.33264367816092,0.912133759959848,0.74555260831123,-0.280632411067194,0.516551724137932,-0.482213438735177,0.665977011494254,-0.621463077984816,0.205322723253758,-0.83399209486166,0.750268199233718,-0.640316205533596,-0.150114942528733,-0.5098814229249,-0.52176245210728,-1.28853754940711,-0.180766283524902,-0.996047430830038,-0.383831417624522">
   </PIN>
   <PIN pinname="Units" slicecount="1" values="||">
   </PIN>
   <PIN pinname="Precision" slicecount="1" values="4">
   </PIN>
   <PIN pinname="Vector Size" slicecount="1" values="2">
   </PIN>
   <PIN pinname="Rows" slicecount="1" values="2">
   </PIN>
   <PIN pinname="Descriptive Name" slicecount="1" values="TranslateXY">
   </PIN>
   <PIN pinname="Y Output Value" visible="1">
   </PIN>
   </NODE>
   <NODE nodename="IOBox (Value Advanced)" componentmode="InABox" id="8" systemname="IOBox (Value Advanced)">
   <BOUNDS type="Box" left="2373" top="5894" width="693" height="210">
   </BOUNDS>
   <BOUNDS type="Node" left="2373" top="5894" width="0" height="0">
   </BOUNDS>
   <PIN pinname="Units" slicecount="1" values="||">
   </PIN>
   <PIN pinname="Precision" slicecount="1" values="4">
   </PIN>
   <PIN pinname="Descriptive Name" slicecount="1" values="Output">
   </PIN>
   </NODE>
   <LINK srcnodeid="2" srcpinname="Output" dstnodeid="8" dstpinname="Y Input Value">
   </LINK>
   <PACK Name="addonpack" Version="35.0.0">
   </PACK>
   <NODE nodename="IOBox (Value Advanced)" componentmode="InABox" id="9" systemname="IOBox (Value Advanced)">
   <BOUNDS type="Box" left="3493" top="1757" width="693" height="420">
   </BOUNDS>
   <BOUNDS type="Node" left="3493" top="1757" width="0" height="0">
   </BOUNDS>
   <PIN pinname="Y Input Value" slicecount="2" visible="1" values="0.2,0.2">
   </PIN>
   <PIN pinname="Units" slicecount="1" values="||">
   </PIN>
   <PIN pinname="Precision" slicecount="1" values="4">
   </PIN>
   <PIN pinname="Vector Size" slicecount="1" values="2">
   </PIN>
   <PIN pinname="Rows" slicecount="1" values="2">
   </PIN>
   </NODE>
   <LINK srcnodeid="9" srcpinname="Y Output Value" dstnodeid="4" dstpinname="ScaleXY">
   </LINK>
   <NODE systemname="Count (Value)" nodename="Count (Value)" componentmode="Hidden" id="10">
   <BOUNDS type="Node" left="1211" top="3185" width="100" height="100">
   </BOUNDS>
   <PIN pinname="Input" visible="1">
   </PIN>
   <PIN pinname="Count" visible="1">
   </PIN>
   </NODE>
   <LINK srcnodeid="7" srcpinname="Y Output Value" dstnodeid="10" dstpinname="Input">
   </LINK>
   <NODE nodename="IOBox (Value Advanced)" componentmode="InABox" id="11" systemname="IOBox (Value Advanced)">
   <BOUNDS type="Box" left="1120" top="4172" width="693" height="210">
   </BOUNDS>
   <BOUNDS type="Node" left="1120" top="4172" width="0" height="0">
   </BOUNDS>
   <PIN pinname="Units" slicecount="1" values="||">
   </PIN>
   <PIN pinname="Precision" slicecount="1" values="4">
   </PIN>
   <PIN pinname="Value Type" slicecount="1" values="Integer">
   </PIN>
   </NODE>
   <LINK srcnodeid="10" srcpinname="Count" dstnodeid="11" dstpinname="Y Input Value">
   </LINK>
   <NODE nodename="IOBox (Value Advanced)" componentmode="InABox" id="12">
   <BOUNDS type="Box" left="6307" top="3423" width="480" height="480">
   </BOUNDS>
   <BOUNDS type="Node" left="6307" top="3423" width="0" height="0">
   </BOUNDS>
   <PIN pinname="Units" slicecount="1" values="||">
   </PIN>
   <PIN pinname="Precision" slicecount="1" values="4">
   </PIN>
   <PIN pinname="Value Type" slicecount="1" values="Boolean">
   </PIN>
   <PIN pinname="Behavior" slicecount="1" values="Toggle">
   </PIN>
   <PIN pinname="Descriptive Name" slicecount="1" values="|Object Hit|">
   </PIN>
   </NODE>
   <LINK srcnodeid="6" srcpinname="Object Hit" dstnodeid="12" dstpinname="Y Input Value">
   </LINK>
   <NODE nodename="IOBox (Node)" componentmode="InABox" id="13">
   <BOUNDS type="Box" left="2233" top="819" width="693" height="210">
   </BOUNDS>
   <BOUNDS type="Node" left="2233" top="819" width="0" height="0">
   </BOUNDS>
   <PIN pinname="Input Node" slicecount="1" visible="1" values="||">
   </PIN>
   <PIN pinname="Descriptive Name" slicecount="1" values="|Transform In|">
   </PIN>
   </NODE>
   <LINK srcnodeid="13" srcpinname="Output Node" dstnodeid="4" dstpinname="Transform In">
   </LINK>
   <NODE systemname="GetSlice (Spreads)" nodename="GetSlice (Spreads)" componentmode="Hidden" id="15">
   <BOUNDS type="Node" left="2513" top="1939" width="100" height="100">
   </BOUNDS>
   <PIN pinname="Input" visible="1">
   </PIN>
   <PIN pinname="Index" visible="1">
   </PIN>
   <PIN pinname="Output" visible="1">
   </PIN>
   <PIN pinname="Bin Size" slicecount="1" values="2">
   </PIN>
   </NODE>
   <LINK srcnodeid="7" srcpinname="Y Output Value" dstnodeid="15" dstpinname="Input">
   </LINK>
   <NODE nodename="IOBox (Value Advanced)" componentmode="InABox" id="16">
   <BOUNDS type="Box" left="3122" top="1218" width="693" height="210">
   </BOUNDS>
   <BOUNDS type="Node" left="3122" top="1218" width="0" height="0">
   </BOUNDS>
   <PIN pinname="Y Input Value" slicecount="1" visible="1" values="16">
   </PIN>
   <PIN pinname="Units" slicecount="1" values="||">
   </PIN>
   <PIN pinname="Precision" slicecount="1" values="4">
   </PIN>
   <PIN pinname="Value Type" slicecount="1" values="Integer">
   </PIN>
   </NODE>
   <LINK srcnodeid="16" srcpinname="Y Output Value" dstnodeid="15" dstpinname="Index">
   </LINK>
   <LINK srcnodeid="15" srcpinname="Output" dstnodeid="4" dstpinname="TranslateXY">
   </LINK>
   </PATCH>