<!DOCTYPE PATCH  SYSTEM "http://vvvv.org/versions/vvvv50beta35.7.dtd" >
   <PATCH nodename="C:\Users\Tang Cam Hong Pham\Desktop\backup\subpatches\leafscale.v4p" scrollx="714" scrolly="718" systemname="leafscale" filename="C:\Users\Tang Cam Hong Pham\Desktop\FREIRAUM\V4 Prototyp\leafscale.v4p">
   <BOUNDS type="Window" left="6818" top="4711" width="8995" height="5999">
   </BOUNDS>
   <PACK Name="addonpack" Version="35.0.0">
   </PACK>
   <NODE nodename="IOBox (String)" componentmode="InABox" id="30" systemname="IOBox (String)">
   <BOUNDS type="Node" left="994" top="1022" width="882" height="210">
   </BOUNDS>
   <BOUNDS type="Box" left="994" top="1022" width="1554" height="385">
   </BOUNDS>
   <PIN pinname="Input String" visible="0" slicecount="1" values="|Leaf Growth|">
   </PIN>
   <PIN pinname="Output String" visible="0">
   </PIN>
   <PIN pinname="Show Grid" slicecount="1" values="0">
   </PIN>
   <PIN pinname="String Type" slicecount="1" values="MultiLine">
   </PIN>
   <PIN pinname="Size" slicecount="1" values="12">
   </PIN>
   </NODE>
   <NODE systemname="Decay (Animation)" nodename="Decay (Animation)" componentmode="Hidden" id="32">
   <BOUNDS type="Node" left="1274" top="4158" width="100" height="100">
   </BOUNDS>
   <PIN pinname="Input" visible="1" slicecount="1" values="1">
   </PIN>
   <PIN pinname="Attack" slicecount="1" visible="1" values="1">
   </PIN>
   <PIN pinname="Decay" visible="1">
   </PIN>
   <PIN pinname="Output" visible="1">
   </PIN>
   </NODE>
   <NODE nodename="IOBox (Value Advanced)" componentmode="InABox" id="34">
   <BOUNDS type="Box" left="1071" top="1827" width="480" height="480">
   </BOUNDS>
   <BOUNDS type="Node" left="1071" top="1827" width="0" height="0">
   </BOUNDS>
   <PIN pinname="Y Input Value" slicecount="1" visible="1" values="0">
   </PIN>
   <PIN pinname="Units" slicecount="1" values="||">
   </PIN>
   <PIN pinname="Precision" slicecount="1" values="4">
   </PIN>
   <PIN pinname="Value Type" slicecount="1" values="Boolean">
   </PIN>
   <PIN pinname="Behavior" slicecount="1" values="Toggle">
   </PIN>
   <PIN pinname="Descriptive Name" slicecount="1" values="|Element Growth - Input|">
   </PIN>
   <PIN pinname="Y Output Value" visible="1">
   </PIN>
   </NODE>
   <NODE nodename="IOBox (Value Advanced)" componentmode="InABox" id="35">
   <BOUNDS type="Box" left="1554" top="3542" width="693" height="210">
   </BOUNDS>
   <BOUNDS type="Node" left="1554" top="3542" width="0" height="0">
   </BOUNDS>
   <PIN pinname="Y Input Value" slicecount="1" visible="1" values="2">
   </PIN>
   <PIN pinname="Units" slicecount="1" values="s">
   </PIN>
   <PIN pinname="Precision" slicecount="1" values="4">
   </PIN>
   </NODE>
   <LINK srcnodeid="35" srcpinname="Y Output Value" dstnodeid="32" dstpinname="Attack">
   </LINK>
   <NODE nodename="IOBox (Value Advanced)" componentmode="InABox" id="36">
   <BOUNDS type="Box" left="1855" top="3724" width="693" height="224">
   </BOUNDS>
   <BOUNDS type="Node" left="1855" top="3724" width="0" height="0">
   </BOUNDS>
   <PIN pinname="Y Input Value" slicecount="1" visible="1" values="1">
   </PIN>
   <PIN pinname="Units" slicecount="1" values="s">
   </PIN>
   <PIN pinname="Precision" slicecount="1" values="4">
   </PIN>
   </NODE>
   <LINK srcnodeid="36" srcpinname="Y Output Value" dstnodeid="32" dstpinname="Decay">
   </LINK>
   <NODE nodename="IOBox (Value Advanced)" componentmode="InABox" id="38">
   <BOUNDS type="Box" left="1309" top="4921" width="693" height="210">
   </BOUNDS>
   <BOUNDS type="Node" left="1309" top="4921" width="0" height="0">
   </BOUNDS>
   <PIN pinname="Units" slicecount="1" values="||">
   </PIN>
   <PIN pinname="Precision" slicecount="1" values="4">
   </PIN>
   <PIN pinname="Descriptive Name" slicecount="1" values="Output">
   </PIN>
   </NODE>
   <LINK srcnodeid="32" srcpinname="Output" dstnodeid="38" dstpinname="Y Input Value">
   </LINK>
   <NODE systemname="Toggle (Animation)" nodename="Toggle (Animation)" componentmode="Hidden" id="46">
   <BOUNDS type="Node" left="3108" top="3437" width="100" height="100">
   </BOUNDS>
   </NODE>
   <NODE systemname="NOT (Boolean)" nodename="NOT (Boolean)" componentmode="Hidden" id="48">
   <BOUNDS type="Node" left="1071" top="2499" width="100" height="100">
   </BOUNDS>
   <PIN pinname="Input" visible="1" slicecount="1" values="0">
   </PIN>
   <PIN pinname="Output" visible="1">
   </PIN>
   </NODE>
   <NODE nodename="IOBox (Value Advanced)" componentmode="InABox" id="47">
   <BOUNDS type="Box" left="1218" top="2849" width="480" height="480">
   </BOUNDS>
   <BOUNDS type="Node" left="1218" top="2849" width="0" height="0">
   </BOUNDS>
   <PIN pinname="Units" slicecount="1" values="||">
   </PIN>
   <PIN pinname="Precision" slicecount="1" values="4">
   </PIN>
   <PIN pinname="Value Type" slicecount="1" values="Boolean">
   </PIN>
   <PIN pinname="Behavior" slicecount="1" values="Toggle">
   </PIN>
   <PIN pinname="Y Output Value" visible="1">
   </PIN>
   </NODE>
   <LINK srcnodeid="48" srcpinname="Output" dstnodeid="47" dstpinname="Y Input Value">
   </LINK>
   <LINK srcnodeid="47" srcpinname="Y Output Value" dstnodeid="32" dstpinname="Input">
   </LINK>
   <LINK srcnodeid="34" srcpinname="Y Output Value" dstnodeid="48" dstpinname="Input">
   </LINK>
   </PATCH>