<!DOCTYPE PATCH  SYSTEM "http://vvvv.org/versions/vvvv50beta35.7.dtd" >
   <PATCH nodename="C:\Users\Tang Cam Hong Pham\Documents\P6 - Git\Software\Patches\subpatches\leafcoord.v4p" scrollx="0" scrolly="1789" systemname="leafcoord" filename="C:\Users\Tang Cam Hong Pham\Desktop\FREIRAUM\V4 Prototyp\leafcoord.v4p">
   <BOUNDS type="Window" left="1820" top="3591" width="8995" height="5999">
   </BOUNDS>
   <NODE systemname="IOBox (Value Advanced)" nodename="IOBox (Value Advanced)" componentmode="InABox" id="12">
   <BOUNDS type="Node" left="385" top="2597" width="100" height="100">
   </BOUNDS>
   <BOUNDS type="Box" left="385" top="2597" width="1771" height="1883">
   </BOUNDS>
   <PIN pinname="Show SliceIndex" slicecount="1" values="0">
   </PIN>
   <PIN pinname="Show Grid" slicecount="1" values="1">
   </PIN>
   <PIN pinname="Show Slider" slicecount="1" values="1">
   </PIN>
   <PIN pinname="Minimum" slicecount="1" values="-1.5">
   </PIN>
   <PIN pinname="Maximum" slicecount="1" values="1.5">
   </PIN>
   <PIN pinname="Y Input Value" slicecount="9" visible="1" values="-0.517970114942528,-0.192260536398468,-0.53414087827881,-0.289961685823753,-0.155862068965516,-0.0868965517241396,0.0165517241379336,0.0912643678160929,0.188081343943413">
   </PIN>
   <PIN pinname="Slider Behavior" slicecount="1" values="Slider">
   </PIN>
   <PIN pinname="Slider Constraints" slicecount="1" values="None">
   </PIN>
   <PIN pinname="X Input Value" slicecount="9" visible="1" pintype="Input" values="-0.454545454545455,-0.59090909090909,-0.660988769684422,-1.05533596837945,-0.772727272727272,-1.15415019762846,-0.879446640316205,-1.13043478260869,-0.953478888261494">
   </PIN>
   <PIN pinname="X Output Value" visible="1" pintype="Output">
   </PIN>
   <PIN pinname="Columns" slicecount="1" values="3">
   </PIN>
   <PIN pinname="Rows" slicecount="1" values="3">
   </PIN>
   <PIN pinname="SliceCount Mode" slicecount="1" values="ColsRowsPages">
   </PIN>
   <PIN pinname="Y Output Value" visible="1">
   </PIN>
   <PIN pinname="Slider Alignment" slicecount="1" values="None">
   </PIN>
   <PIN pinname="Show Connections" slicecount="1" values="1">
   </PIN>
   <PIN pinname="Show Value" slicecount="1" values="0">
   </PIN>
   </NODE>
   <NODE systemname="Vector (2d Join)" nodename="Vector (2d Join)" componentmode="Hidden" id="9">
   <BOUNDS type="Node" left="994" top="4648" width="100" height="100">
   </BOUNDS>
   <PIN pinname="Y" visible="1">
   </PIN>
   <PIN pinname="X" visible="1">
   </PIN>
   <PIN pinname="XY" visible="1">
   </PIN>
   </NODE>
   <NODE systemname="Cons (Spreads)" filename="%VVVV%\lib\nodes\plugins\VVVV.Nodes.dll" nodename="Cons (Spreads)" componentmode="Hidden" id="8">
   <BOUNDS type="Node" left="1848" top="7462" width="2254" height="252">
   </BOUNDS>
   <BOUNDS type="Box" left="1848" top="7462" width="1400" height="1400">
   </BOUNDS>
   <PIN pinname="Input 1" visible="1">
   </PIN>
   <PIN pinname="Output" visible="1">
   </PIN>
   <PIN pinname="Input 2" visible="1">
   </PIN>
   <PIN pinname="Input Count" slicecount="1" values="3">
   </PIN>
   <PIN pinname="Input 3" visible="1">
   </PIN>
   </NODE>
   <NODE systemname="IOBox (Value Advanced)" nodename="IOBox (Value Advanced)" componentmode="InABox" id="7">
   <BOUNDS type="Node" left="2338" top="2597" width="100" height="100">
   </BOUNDS>
   <BOUNDS type="Box" left="2338" top="2597" width="1771" height="1883">
   </BOUNDS>
   <PIN pinname="Show SliceIndex" slicecount="1" values="0">
   </PIN>
   <PIN pinname="Show Grid" slicecount="1" values="1">
   </PIN>
   <PIN pinname="Show Slider" slicecount="1" values="1">
   </PIN>
   <PIN pinname="Minimum" slicecount="1" values="-1.5">
   </PIN>
   <PIN pinname="Maximum" slicecount="1" values="1.5">
   </PIN>
   <PIN pinname="Y Input Value" slicecount="9" visible="1" values="0.213869731800767,0.54528735632184,0.751299734748013,0.767509578544064,0.578544061302678,0.346053639846747,0.518467432950199,0.93800766283525,0.981184792219283">
   </PIN>
   <PIN pinname="Slider Behavior" slicecount="1" values="Slider">
   </PIN>
   <PIN pinname="Slider Constraints" slicecount="1" values="None">
   </PIN>
   <PIN pinname="X Input Value" slicecount="9" visible="1" pintype="Input" values="-0.413043478260869,-0.383399209486168,-0.47126544952632,-0.634387351778655,-0.553359683794467,-0.768774703557311,-0.839920948616601,-0.679841897233202,-0.8230441056528">
   </PIN>
   <PIN pinname="X Output Value" visible="1" pintype="Output">
   </PIN>
   <PIN pinname="Columns" slicecount="1" values="3">
   </PIN>
   <PIN pinname="Rows" slicecount="1" values="3">
   </PIN>
   <PIN pinname="SliceCount Mode" slicecount="1" values="ColsRowsPages">
   </PIN>
   <PIN pinname="Y Output Value" visible="1">
   </PIN>
   <PIN pinname="Slider Alignment" slicecount="1" values="None">
   </PIN>
   <PIN pinname="Show Connections" slicecount="1" values="1">
   </PIN>
   <PIN pinname="Show Value" slicecount="1" values="0">
   </PIN>
   </NODE>
   <NODE systemname="Vector (2d Join)" nodename="Vector (2d Join)" componentmode="Hidden" id="4">
   <BOUNDS type="Node" left="2947" top="4690" width="100" height="100">
   </BOUNDS>
   <PIN pinname="Y" visible="1">
   </PIN>
   <PIN pinname="X" visible="1">
   </PIN>
   <PIN pinname="XY" visible="1">
   </PIN>
   </NODE>
   <NODE systemname="IOBox (Value Advanced)" nodename="IOBox (Value Advanced)" componentmode="InABox" id="3">
   <BOUNDS type="Node" left="4305" top="2597" width="100" height="100">
   </BOUNDS>
   <BOUNDS type="Box" left="4305" top="2597" width="1771" height="1883">
   </BOUNDS>
   <PIN pinname="Show SliceIndex" slicecount="1" values="0">
   </PIN>
   <PIN pinname="Show Grid" slicecount="1" values="1">
   </PIN>
   <PIN pinname="Show Slider" slicecount="1" values="1">
   </PIN>
   <PIN pinname="Minimum" slicecount="1" values="-1">
   </PIN>
   <PIN pinname="Maximum" slicecount="1" values="2.5">
   </PIN>
   <PIN pinname="Y Input Value" slicecount="9" visible="1" values="-0.120689655172414,-0.0983908045977013,0.23551724137931,0.240689655172416,0.568965517241374,0.568275862068963,0.623831417624527,0.903524904214567,0.783866784556444">
   </PIN>
   <PIN pinname="Slider Behavior" slicecount="1" values="Slider">
   </PIN>
   <PIN pinname="Slider Constraints" slicecount="1" values="None">
   </PIN>
   <PIN pinname="X Input Value" slicecount="9" visible="1" pintype="Input" values="0.274703557312259,0.494071146245056,0.185177865612649,0.616600790513843,0.897233201581021,0.442687747035575,0.658102766798429,0.634387351778664,0.797509254030985">
   </PIN>
   <PIN pinname="X Output Value" visible="1" pintype="Output">
   </PIN>
   <PIN pinname="Columns" slicecount="1" values="3">
   </PIN>
   <PIN pinname="Rows" slicecount="1" values="3">
   </PIN>
   <PIN pinname="SliceCount Mode" slicecount="1" values="ColsRowsPages">
   </PIN>
   <PIN pinname="Y Output Value" visible="1">
   </PIN>
   <PIN pinname="Slider Alignment" slicecount="1" values="None">
   </PIN>
   <PIN pinname="Show Connections" slicecount="1" values="1">
   </PIN>
   <PIN pinname="Show Value" slicecount="1" values="0">
   </PIN>
   </NODE>
   <NODE systemname="Vector (2d Join)" nodename="Vector (2d Join)" componentmode="Hidden" id="0">
   <BOUNDS type="Node" left="4914" top="4690" width="100" height="100">
   </BOUNDS>
   <PIN pinname="Y" visible="1">
   </PIN>
   <PIN pinname="X" visible="1">
   </PIN>
   <PIN pinname="XY" visible="1">
   </PIN>
   </NODE>
   <NODE nodename="IOBox (Value Advanced)" componentmode="InABox" id="13" systemname="IOBox (Value Advanced)">
   <BOUNDS type="Box" left="1862" top="8365" width="693" height="210">
   </BOUNDS>
   <BOUNDS type="Node" left="1862" top="8365" width="0" height="0">
   </BOUNDS>
   <PIN pinname="Units" slicecount="1" values="||">
   </PIN>
   <PIN pinname="Precision" slicecount="1" values="4">
   </PIN>
   <PIN pinname="Descriptive Name" slicecount="1" values="Output">
   </PIN>
   </NODE>
   <LINK srcnodeid="8" srcpinname="Output" dstnodeid="13" dstpinname="Y Input Value">
   </LINK>
   <PACK Name="addonpack" Version="35.0.0">
   </PACK>
   <NODE systemname="Count (Value)" nodename="Count (Value)" componentmode="Hidden" id="15">
   <BOUNDS type="Node" left="4221" top="4711" width="100" height="100">
   </BOUNDS>
   <PIN pinname="Input" visible="1" slicecount="1" values="0">
   </PIN>
   <PIN pinname="Count" visible="1">
   </PIN>
   </NODE>
   <NODE nodename="IOBox (Value Advanced)" componentmode="InABox" id="14">
   <BOUNDS type="Box" left="4214" top="5033" width="693" height="210">
   </BOUNDS>
   <BOUNDS type="Node" left="4214" top="5033" width="0" height="0">
   </BOUNDS>
   <PIN pinname="Units" slicecount="1" values="||">
   </PIN>
   <PIN pinname="Precision" slicecount="1" values="4">
   </PIN>
   <PIN pinname="Value Type" slicecount="1" values="Integer">
   </PIN>
   </NODE>
   <LINK srcnodeid="15" srcpinname="Count" dstnodeid="14" dstpinname="Y Input Value">
   </LINK>
   <LINK srcnodeid="0" srcpinname="XY" dstnodeid="15" dstpinname="Input">
   </LINK>
   <NODE systemname="Count (Value)" nodename="Count (Value)" componentmode="Hidden" id="17">
   <BOUNDS type="Node" left="2247" top="4704" width="100" height="100">
   </BOUNDS>
   <PIN pinname="Input" visible="1" slicecount="1" values="0">
   </PIN>
   <PIN pinname="Count" visible="1">
   </PIN>
   </NODE>
   <NODE nodename="IOBox (Value Advanced)" componentmode="InABox" id="16">
   <BOUNDS type="Box" left="2240" top="5026" width="693" height="210">
   </BOUNDS>
   <BOUNDS type="Node" left="2240" top="5026" width="0" height="0">
   </BOUNDS>
   <PIN pinname="Units" slicecount="1" values="||">
   </PIN>
   <PIN pinname="Precision" slicecount="1" values="4">
   </PIN>
   <PIN pinname="Value Type" slicecount="1" values="Integer">
   </PIN>
   </NODE>
   <LINK srcnodeid="17" srcpinname="Count" dstnodeid="16" dstpinname="Y Input Value">
   </LINK>
   <LINK srcnodeid="4" srcpinname="XY" dstnodeid="17" dstpinname="Input">
   </LINK>
   <NODE systemname="Count (Value)" nodename="Count (Value)" componentmode="Hidden" id="19">
   <BOUNDS type="Node" left="259" top="4655" width="100" height="100">
   </BOUNDS>
   <PIN pinname="Input" visible="1" slicecount="1" values="0">
   </PIN>
   <PIN pinname="Count" visible="1">
   </PIN>
   </NODE>
   <NODE nodename="IOBox (Value Advanced)" componentmode="InABox" id="18">
   <BOUNDS type="Box" left="252" top="4977" width="693" height="210">
   </BOUNDS>
   <BOUNDS type="Node" left="252" top="4977" width="0" height="0">
   </BOUNDS>
   <PIN pinname="Units" slicecount="1" values="||">
   </PIN>
   <PIN pinname="Precision" slicecount="1" values="4">
   </PIN>
   <PIN pinname="Value Type" slicecount="1" values="Integer">
   </PIN>
   </NODE>
   <LINK srcnodeid="19" srcpinname="Count" dstnodeid="18" dstpinname="Y Input Value">
   </LINK>
   <LINK srcnodeid="9" srcpinname="XY" dstnodeid="19" dstpinname="Input">
   </LINK>
   <NODE systemname="Count (Value)" nodename="Count (Value)" componentmode="Hidden" id="21">
   <BOUNDS type="Node" left="2919" top="8022" width="100" height="100">
   </BOUNDS>
   <PIN pinname="Input" visible="1" slicecount="1" values="0">
   </PIN>
   <PIN pinname="Count" visible="1">
   </PIN>
   </NODE>
   <NODE nodename="IOBox (Value Advanced)" componentmode="InABox" id="20">
   <BOUNDS type="Box" left="2912" top="8344" width="693" height="210">
   </BOUNDS>
   <BOUNDS type="Node" left="2912" top="8344" width="0" height="0">
   </BOUNDS>
   <PIN pinname="Units" slicecount="1" values="||">
   </PIN>
   <PIN pinname="Precision" slicecount="1" values="4">
   </PIN>
   <PIN pinname="Value Type" slicecount="1" values="Integer">
   </PIN>
   <PIN pinname="Descriptive Name" slicecount="1" values="Count">
   </PIN>
   </NODE>
   <LINK srcnodeid="21" srcpinname="Count" dstnodeid="20" dstpinname="Y Input Value">
   </LINK>
   <LINK srcnodeid="8" srcpinname="Output" dstnodeid="21" dstpinname="Input">
   </LINK>
   <LINK srcnodeid="12" srcpinname="X Output Value" dstnodeid="9" dstpinname="X" linkstyle="VHV">
   <LINKPOINT x="604" y="4820">
   </LINKPOINT>
   <LINKPOINT x="824" y="4302">
   </LINKPOINT>
   </LINK>
   <LINK srcnodeid="12" srcpinname="Y Output Value" dstnodeid="9" dstpinname="Y" linkstyle="VHV">
   <LINKPOINT x="2291" y="4820">
   </LINKPOINT>
   <LINKPOINT x="1363" y="4302">
   </LINKPOINT>
   </LINK>
   <LINK srcnodeid="7" srcpinname="X Output Value" dstnodeid="4" dstpinname="X" linkstyle="VHV">
   <LINKPOINT x="2588" y="4832">
   </LINKPOINT>
   <LINKPOINT x="2746" y="4332">
   </LINKPOINT>
   </LINK>
   <LINK srcnodeid="7" srcpinname="Y Output Value" dstnodeid="4" dstpinname="Y" linkstyle="VHV">
   <LINKPOINT x="4282" y="4832">
   </LINKPOINT>
   <LINKPOINT x="3278" y="4332">
   </LINKPOINT>
   </LINK>
   <LINK srcnodeid="3" srcpinname="X Output Value" dstnodeid="0" dstpinname="X" linkstyle="VHV">
   <LINKPOINT x="4555" y="4832">
   </LINKPOINT>
   <LINKPOINT x="4713" y="4332">
   </LINKPOINT>
   </LINK>
   <LINK srcnodeid="3" srcpinname="Y Output Value" dstnodeid="0" dstpinname="Y" linkstyle="VHV">
   <LINKPOINT x="6249" y="4832">
   </LINKPOINT>
   <LINKPOINT x="5245" y="4332">
   </LINKPOINT>
   </LINK>
   <NODE nodename="IOBox (Value Advanced)" componentmode="InABox" id="39">
   <BOUNDS type="Box" left="987" top="5467" width="1400" height="1414">
   </BOUNDS>
   <BOUNDS type="Node" left="987" top="5467" width="0" height="0">
   </BOUNDS>
   <PIN pinname="Units" slicecount="1" values="||">
   </PIN>
   <PIN pinname="Precision" slicecount="1" values="4">
   </PIN>
   <PIN pinname="Vector Size" slicecount="1" values="2">
   </PIN>
   <PIN pinname="Rows" slicecount="1" values="9">
   </PIN>
   <PIN pinname="Columns" slicecount="1" values="2">
   </PIN>
   <PIN pinname="Y Output Value" visible="1">
   </PIN>
   </NODE>
   <LINK srcnodeid="9" srcpinname="XY" dstnodeid="39" dstpinname="Y Input Value">
   </LINK>
   <LINK srcnodeid="39" srcpinname="Y Output Value" dstnodeid="8" dstpinname="Input 1">
   </LINK>
   <NODE nodename="IOBox (Value Advanced)" componentmode="InABox" id="40">
   <BOUNDS type="Box" left="2947" top="5460" width="1099" height="1421">
   </BOUNDS>
   <BOUNDS type="Node" left="2947" top="5460" width="0" height="0">
   </BOUNDS>
   <PIN pinname="Units" slicecount="1" values="||">
   </PIN>
   <PIN pinname="Precision" slicecount="1" values="4">
   </PIN>
   <PIN pinname="Vector Size" slicecount="1" values="2">
   </PIN>
   <PIN pinname="Rows" slicecount="1" values="9">
   </PIN>
   <PIN pinname="Columns" slicecount="1" values="2">
   </PIN>
   <PIN pinname="Y Output Value" visible="1">
   </PIN>
   </NODE>
   <LINK srcnodeid="4" srcpinname="XY" dstnodeid="40" dstpinname="Y Input Value">
   </LINK>
   <NODE nodename="IOBox (Value Advanced)" componentmode="InABox" id="41">
   <BOUNDS type="Box" left="4900" top="5460" width="1148" height="1421">
   </BOUNDS>
   <BOUNDS type="Node" left="4900" top="5460" width="0" height="0">
   </BOUNDS>
   <PIN pinname="Units" slicecount="1" values="||">
   </PIN>
   <PIN pinname="Precision" slicecount="1" values="4">
   </PIN>
   <PIN pinname="Vector Size" slicecount="1" values="2">
   </PIN>
   <PIN pinname="Rows" slicecount="1" values="9">
   </PIN>
   <PIN pinname="Columns" slicecount="1" values="2">
   </PIN>
   <PIN pinname="Y Output Value" visible="1">
   </PIN>
   </NODE>
   <LINK srcnodeid="0" srcpinname="XY" dstnodeid="41" dstpinname="Y Input Value">
   </LINK>
   <LINK srcnodeid="41" srcpinname="Y Output Value" dstnodeid="8" dstpinname="Input 3">
   </LINK>
   <LINK srcnodeid="40" srcpinname="Y Output Value" dstnodeid="8" dstpinname="Input 2">
   </LINK>
   </PATCH>