<!DOCTYPE PATCH  SYSTEM "http://vvvv.org/versions/vvvv50beta35.7.dtd" >
   <PATCH nodename="C:\Users\Tang Cam Hong Pham\Documents\P6 - Git\Software\Patches\subpatches\leaf.v4p" systemname="leaf" filename="C:\Users\Tang Cam Hong Pham\Desktop\FREIRAUM\V4 Prototyp\leaf.v4p" scrollx="1047" scrolly="0">
   <BOUNDS type="Window" left="3003" top="2114" width="8995" height="10234">
   </BOUNDS>
   <PACK Name="addonpack" Version="35.0.0">
   </PACK>
   <NODE systemname="HSV (Color Join)" nodename="HSV (Color Join)" componentmode="Hidden" id="5">
   <BOUNDS type="Node" left="6300" top="2772" width="100" height="100">
   </BOUNDS>
   <PIN pinname="Output" visible="1">
   </PIN>
   <PIN pinname="Hue" slicecount="54" visible="1" values="0.22,0.31,0.22,0.31,0.31,0.31,0.31,0.31,0.31,0.31,0.31,0.22,0.31,0.22,0.31,0.22,0.31,0.22,0.22,0.22,0.22,0.22,0.22,0.22,0.22,0.22,0.22,0.22,0.31,0.22,0.31,0.22,0.31,0.22,0.22,0.22,0.13,0.22,0.22,0.22,0.22,0.22,0.13,0.22,0.13,0.22,0.13,0.22,0.13,0.22,0.13,0.22,0.13,0.22">
   </PIN>
   <PIN pinname="Saturation" slicecount="1" values="0.92">
   </PIN>
   <PIN pinname="Value" slicecount="3" visible="1" values="0.5,0.65,0.75">
   </PIN>
   <PIN pinname="Alpha" slicecount="27" visible="1" values="1,1,1,1,1,1,1,1,1,1,1,1,1,1,1,1,1,1,1,1,1,1,1,1,1,1,1">
   </PIN>
   </NODE>
   <NODE systemname="Transform (Transform 2d Vector)" nodename="Transform (Transform 2d Vector)" componentmode="Hidden" id="19">
   <BOUNDS type="Node" left="2968" top="4123" width="100" height="100">
   </BOUNDS>
   <PIN pinname="Transform Out" visible="1">
   </PIN>
   <PIN pinname="Transform In" visible="1" slicecount="1" values="||">
   </PIN>
   <PIN pinname="Rotate" slicecount="1" visible="1" values="0.87">
   </PIN>
   <PIN pinname="TranslateXY" visible="1">
   </PIN>
   <PIN pinname="ScaleXY" visible="1" slicecount="1" values="1.18867421263127">
   </PIN>
   </NODE>
   <NODE systemname="UniformScale (Transform)" nodename="UniformScale (Transform)" componentmode="Hidden" id="20">
   <BOUNDS type="Node" left="2919" top="4655" width="100" height="100">
   </BOUNDS>
   <PIN pinname="Transform Out" visible="1">
   </PIN>
   <PIN pinname="Transform In" visible="1">
   </PIN>
   <PIN pinname="XYZ" visible="1">
   </PIN>
   </NODE>
   <LINK srcnodeid="19" srcpinname="Transform Out" dstnodeid="20" dstpinname="Transform In">
   </LINK>
   <NODE nodename="IOBox (Value Advanced)" componentmode="InABox" id="21">
   <BOUNDS type="Box" left="3955" top="4228" width="693" height="210">
   </BOUNDS>
   <BOUNDS type="Node" left="3955" top="4228" width="0" height="0">
   </BOUNDS>
   <PIN pinname="Y Input Value" slicecount="1" visible="1" values="0.23">
   </PIN>
   <PIN pinname="Units" slicecount="1" values="||">
   </PIN>
   <PIN pinname="Precision" slicecount="1" values="4">
   </PIN>
   </NODE>
   <LINK srcnodeid="21" srcpinname="Y Output Value" dstnodeid="20" dstpinname="XYZ">
   </LINK>
   <NODE nodename="IOBox (Value Advanced)" componentmode="InABox" id="22">
   <BOUNDS type="Box" left="3451" top="2856" width="693" height="210">
   </BOUNDS>
   <BOUNDS type="Node" left="3451" top="2856" width="0" height="0">
   </BOUNDS>
   <PIN pinname="Y Input Value" slicecount="1" visible="1" values="-0.492074600793421">
   </PIN>
   <PIN pinname="Units" slicecount="1" values="||">
   </PIN>
   <PIN pinname="Precision" slicecount="1" values="4">
   </PIN>
   <PIN pinname="Descriptive Name" slicecount="1" values="Rotate">
   </PIN>
   </NODE>
   <LINK srcnodeid="22" srcpinname="Y Output Value" dstnodeid="19" dstpinname="Rotate">
   </LINK>
   <NODE nodename="IOBox (Value Advanced)" componentmode="InABox" id="23">
   <BOUNDS type="Box" left="3409" top="1309" width="693" height="420">
   </BOUNDS>
   <BOUNDS type="Node" left="3409" top="1309" width="0" height="0">
   </BOUNDS>
   <PIN pinname="Y Input Value" slicecount="2" visible="1" values="0,0">
   </PIN>
   <PIN pinname="Units" slicecount="1" values="||">
   </PIN>
   <PIN pinname="Precision" slicecount="1" values="4">
   </PIN>
   <PIN pinname="Vector Size" slicecount="1" values="2">
   </PIN>
   <PIN pinname="Rows" slicecount="1" values="2">
   </PIN>
   <PIN pinname="Descriptive Name" slicecount="1" values="TranslateXY">
   </PIN>
   <PIN pinname="Y Output Value" visible="1">
   </PIN>
   </NODE>
   <LINK srcnodeid="23" srcpinname="Y Output Value" dstnodeid="19" dstpinname="TranslateXY">
   </LINK>
   <NODE nodename="IOBox (Value Advanced)" componentmode="InABox" id="24">
   <BOUNDS type="Box" left="3437" top="2016" width="693" height="420">
   </BOUNDS>
   <BOUNDS type="Node" left="3437" top="2016" width="0" height="0">
   </BOUNDS>
   <PIN pinname="Y Input Value" slicecount="1" visible="1" values="1.11145438928827">
   </PIN>
   <PIN pinname="Units" slicecount="1" values="||">
   </PIN>
   <PIN pinname="Precision" slicecount="1" values="4">
   </PIN>
   <PIN pinname="Vector Size" slicecount="1" values="2">
   </PIN>
   <PIN pinname="Rows" slicecount="1" values="2">
   </PIN>
   <PIN pinname="Descriptive Name" slicecount="1" values="ScaleXY">
   </PIN>
   <PIN pinname="Y Output Value" visible="1">
   </PIN>
   </NODE>
   <NODE nodename="IOBox (Value Advanced)" componentmode="InABox" id="29">
   <BOUNDS type="Box" left="5215" top="462" width="770" height="861">
   </BOUNDS>
   <BOUNDS type="Node" left="5215" top="462" width="0" height="0">
   </BOUNDS>
   <PIN pinname="Y Input Value" slicecount="3" visible="1" values="0.33,0.23,0.19">
   </PIN>
   <PIN pinname="Units" slicecount="1" values="||">
   </PIN>
   <PIN pinname="Precision" slicecount="1" values="4">
   </PIN>
   <PIN pinname="Y Output Value" visible="1">
   </PIN>
   <PIN pinname="Rows" slicecount="1" values="3">
   </PIN>
   <PIN pinname="Vector Size" slicecount="1" values="3">
   </PIN>
   </NODE>
   <NODE id="4" nodename="IOBox (Color)" componentmode="InABox" systemname="IOBox (Color)">
   <BOUNDS type="Box" left="6286" top="3269" width="1323" height="1372">
   </BOUNDS>
   <BOUNDS type="Node" left="6286" top="3269" width="0" height="0">
   </BOUNDS>
   <PIN pinname="Color Input" slicecount="1" visible="1" values="|0.47462,0.47462,0.47462,1.00000|">
   </PIN>
   <PIN pinname="Color Output" visible="1">
   </PIN>
   <PIN pinname="Rows" slicecount="1" values="3">
   </PIN>
   <PIN pinname="Chooser Style" slicecount="1" values="HSVAField">
   </PIN>
   <PIN pinname="Show Value" slicecount="1" values="1">
   </PIN>
   <PIN pinname="Show Grid" slicecount="1" values="0">
   </PIN>
   <PIN pinname="SliceCount Mode" slicecount="1" values="ColsRowsPages">
   </PIN>
   </NODE>
   <LINK srcnodeid="5" srcpinname="Output" dstnodeid="4" dstpinname="Color Input">
   </LINK>
   <NODE id="113" systemname="Segment (EX9.Geometry 2d)" filename="%VVVV%\addonpack\lib\nodes\plugins\2dMeshNodes.dll" nodename="Segment (EX9.Geometry 2d)" componentmode="Hidden" hiddenwhenlocked="0" managers="">
   <BOUNDS type="Node" left="2135" top="5110" width="100" height="100">
   </BOUNDS>
   <PIN pinname="Cycles" slicecount="1" pintype="Input" visible="1" values="1.03">
   </PIN>
   <PIN pinname="Output" visible="1" pintype="Output">
   </PIN>
   <BOUNDS type="Box" left="0" top="1708" width="2240" height="1680">
   </BOUNDS>
   <BOUNDS type="Window" left="0" top="0" width="5600" height="4200">
   </BOUNDS>
   <PIN pinname="Descriptive Name" pintype="Configuration" slicecount="1" values="||">
   </PIN>
   <PIN pinname="Tag" pintype="Configuration" slicecount="1" values="||">
   </PIN>
   <PIN pinname="Phase" pintype="Input" visible="1" slicecount="1" values="0">
   </PIN>
   <PIN pinname="Inner Radius" pintype="Input" visible="1" slicecount="1" values="0">
   </PIN>
   <PIN pinname="Flat Texture" pintype="Input" visible="1" slicecount="1" values="1">
   </PIN>
   <PIN pinname="Resolution" pintype="Input" visible="1" slicecount="1" values="32">
   </PIN>
   <PIN pinname="Window Handle" pintype="Output">
   </PIN>
   <PIN pinname="ID" pintype="Output" visible="-1">
   </PIN>
   </NODE>
   <NODE id="114" systemname="GouraudDirectional (EX9.Effect)" filename="%VVVV%\lib\nodes\effects\GouraudDirectional.fx" nodename="GouraudDirectional (EX9.Effect)" componentmode="Hidden" hiddenwhenlocked="0" managers="">
   <PIN pinname="Ambient Color" visible="1" slicecount="1" pintype="Input" values="|1.00000,1.00000,1.00000,1.00000|">
   </PIN>
   <PIN pinname="Specular Color" slicecount="1" pintype="Input" visible="1" values="|0.34902,0.34902,0.34902,1.00000|">
   </PIN>
   <PIN pinname="Diffuse Color" slicecount="1" visible="1" pintype="Input" values="|0.85098,0.85098,0.85098,1.00000|">
   </PIN>
   <PIN pinname="Layer" visible="1" pintype="Output">
   </PIN>
   <BOUNDS type="Node" left="2730" top="5649" width="100" height="100">
   </BOUNDS>
   <PIN pinname="Transform" visible="1" pintype="Input" slicecount="1" values="||">
   </PIN>
   <PIN pinname="Mesh" visible="1" pintype="Input" slicecount="1" values="||">
   </PIN>
   <PIN pinname="Descriptive Name" pintype="Configuration" slicecount="1" values="||">
   </PIN>
   <PIN pinname="Tag" pintype="Configuration" slicecount="1" values="||">
   </PIN>
   <PIN pinname="Select Next Valid Technique" pintype="Configuration" slicecount="1" values="1">
   </PIN>
   <PIN pinname="Render State" pintype="Input" visible="1" slicecount="1" values="||">
   </PIN>
   <PIN pinname="Light Direction XYZ" pintype="Input" visible="1" slicecount="3" values="0,-5,2">
   </PIN>
   <PIN pinname="Power" pintype="Input" visible="1" slicecount="1" values="25">
   </PIN>
   <PIN pinname="Alpha" pintype="Input" visible="1" slicecount="1" values="1">
   </PIN>
   <PIN pinname="Texture" pintype="Input" visible="1" slicecount="1" values="||">
   </PIN>
   <PIN pinname="Texture Transform" pintype="Input" visible="1" slicecount="1" values="||">
   </PIN>
   <PIN pinname="Color Transform" pintype="Input" visible="1" slicecount="1" values="||">
   </PIN>
   <PIN pinname="Technique" pintype="Input" visible="1" slicecount="1" values="TGouraudDirectional">
   </PIN>
   <PIN pinname="Technique Pass" pintype="Input" visible="1" slicecount="1" values="-1">
   </PIN>
   <PIN pinname="Space" pintype="Input" slicecount="1" values="World">
   </PIN>
   <PIN pinname="Enabled" pintype="Input" visible="1" slicecount="1" values="1">
   </PIN>
   <PIN pinname="Compiled" pintype="Output" visible="1">
   </PIN>
   <PIN pinname="Technique Valid" pintype="Output" visible="1">
   </PIN>
   <PIN pinname="Description" pintype="Output" visible="1">
   </PIN>
   <PIN pinname="ID" pintype="Output" visible="-1">
   </PIN>
   </NODE>
   <LINK srcnodeid="20" srcpinname="Transform Out" dstnodeid="114" dstpinname="Transform">
   </LINK>
   <LINK srcnodeid="113" srcpinname="Output" dstnodeid="114" dstpinname="Mesh">
   </LINK>
   <NODE nodename="IOBox (Node)" componentmode="InABox" id="121">
   <BOUNDS type="Box" left="2828" top="6461" width="693" height="210">
   </BOUNDS>
   <BOUNDS type="Node" left="2828" top="6461" width="0" height="0">
   </BOUNDS>
   <PIN pinname="Descriptive Name" slicecount="1" values="Layer">
   </PIN>
   <PIN pinname="Input Node" visible="1" slicecount="1" values="||">
   </PIN>
   </NODE>
   <LINK srcnodeid="24" srcpinname="Y Output Value" dstnodeid="19" dstpinname="ScaleXY">
   </LINK>
   <NODE nodename="IOBox (Value Advanced)" componentmode="InABox" id="132">
   <BOUNDS type="Box" left="6636" top="2093" width="693" height="210">
   </BOUNDS>
   <BOUNDS type="Node" left="6636" top="2093" width="0" height="0">
   </BOUNDS>
   <PIN pinname="Y Input Value" slicecount="27" visible="1" values="0.8,0.8,0.8,0.8,0.8,0.8,0.8,0.8,0.8,0.8,0.8,0.8,0.8,0.8,0.8,0.8,0.8,0.8,0.8,0.8,0.8,0.8,0.8,0.8,0.8,0.8,0.8">
   </PIN>
   <PIN pinname="Units" slicecount="1" values="||">
   </PIN>
   <PIN pinname="Precision" slicecount="1" values="4">
   </PIN>
   <PIN pinname="Descriptive Name" slicecount="1" values="Value">
   </PIN>
   </NODE>
   <LINK srcnodeid="132" srcpinname="Y Output Value" dstnodeid="5" dstpinname="Value">
   </LINK>
   <LINK srcnodeid="29" srcpinname="Y Output Value" dstnodeid="5" dstpinname="Hue">
   </LINK>
   <NODE nodename="IOBox (Node)" componentmode="InABox" id="136">
   <BOUNDS type="Box" left="2331" top="1477" width="693" height="210">
   </BOUNDS>
   <BOUNDS type="Node" left="2331" top="1477" width="0" height="0">
   </BOUNDS>
   <PIN pinname="Input Node" slicecount="1" visible="1" values="||">
   </PIN>
   <PIN pinname="Descriptive Name" slicecount="1" values="|Transform In|">
   </PIN>
   </NODE>
   <LINK srcnodeid="136" srcpinname="Output Node" dstnodeid="19" dstpinname="Transform In">
   </LINK>
   <LINK srcnodeid="114" srcpinname="Layer" dstnodeid="121" dstpinname="Input Node">
   </LINK>
   <NODE systemname="FileTexture (EX9.Texture)" nodename="FileTexture (EX9.Texture)" componentmode="Hidden" id="137">
   <BOUNDS type="Node" left="4711" top="4949" width="100" height="100">
   </BOUNDS>
   <PIN pinname="Texture Out" visible="1">
   </PIN>
   <PIN pinname="Filename" slicecount="1" values="|..\..\..\..\..\Desktop\FREIRAUM\V4 Prototyp\FREIRAUM Blatt.png|">
   </PIN>
   <PIN pinname="Reload" slicecount="1" values="0">
   </PIN>
   <PIN pinname="Load In Background" slicecount="1" values="1">
   </PIN>
   <PIN pinname="Use Preloaded Item" slicecount="1" values="0">
   </PIN>
   </NODE>
   <LINK srcnodeid="137" srcpinname="Texture Out" dstnodeid="114" dstpinname="Texture">
   </LINK>
   <NODE systemname="Transform (Transform 2d)" nodename="Transform (Transform 2d)" componentmode="Hidden" id="139">
   <BOUNDS type="Node" left="5201" top="5299" width="100" height="100">
   </BOUNDS>
   <PIN pinname="Transform Out" visible="1">
   </PIN>
   <PIN pinname="ScaleX" visible="1">
   </PIN>
   <PIN pinname="ScaleY" visible="1">
   </PIN>
   <PIN pinname="TranslateX" slicecount="1" values="0.02">
   </PIN>
   <PIN pinname="CenterX" slicecount="1" values="0.01">
   </PIN>
   </NODE>
   <LINK srcnodeid="139" srcpinname="Transform Out" dstnodeid="114" dstpinname="Texture Transform">
   </LINK>
   <NODE nodename="IOBox (Value Advanced)" componentmode="InABox" id="140">
   <BOUNDS type="Box" left="5796" top="4795" width="693" height="210">
   </BOUNDS>
   <BOUNDS type="Node" left="5796" top="4795" width="0" height="0">
   </BOUNDS>
   <PIN pinname="Y Input Value" slicecount="1" visible="1" values="0.66">
   </PIN>
   <PIN pinname="Units" slicecount="1" values="||">
   </PIN>
   <PIN pinname="Precision" slicecount="1" values="4">
   </PIN>
   <PIN pinname="Y Output Value" visible="1">
   </PIN>
   </NODE>
   <LINK srcnodeid="140" srcpinname="Y Output Value" dstnodeid="139" dstpinname="ScaleX">
   </LINK>
   <LINK srcnodeid="140" srcpinname="Y Output Value" dstnodeid="139" dstpinname="ScaleY">
   </LINK>
   </PATCH>