<!DOCTYPE PATCH  SYSTEM "http://vvvv.org/versions/vvvv50beta35.5.dtd" >
   <PATCH nodename="C:\Users\janme\Documents\FREIRAUM\Software\Patches\Subpatches\Skeleton-Kinect.v4p" filename="C:\Users\janme\Documents\FREIRAUM\Software\Patches\Subpatches\Skeleton-Kinect.v4p" systemname="Skeleton-Kinect" scrollx="450" scrolly="615">
   <BOUNDS height="9510" left="240" top="1365" type="Window" width="8175">
   </BOUNDS>
   <NODE componentmode="InABox" id="30" nodename="IOBox (Value Advanced)" systemname="IOBox (Value Advanced)">
   <BOUNDS height="100" left="1845" top="1365" type="Node" width="100">
   </BOUNDS>
   <BOUNDS height="480" left="1845" top="1365" type="Box" width="480">
   </BOUNDS>
   <PIN pinname="Value Type" slicecount="1" values="Boolean">
   </PIN>
   <PIN pinname="Behavior" slicecount="1" values="Toggle">
   </PIN>
   <PIN pinname="Y Output Value" visible="1">
   </PIN>
   <PIN encoded="0" pinname="Descriptive Name" slicecount="1" values="||">
   </PIN>
   <PIN pinname="X Input Value" slicecount="1" values="1">
   </PIN>
   <PIN pinname="Y Input Value" slicecount="1" values="1">
   </PIN>
   </NODE>
   <NODE componentmode="InABox" id="33" nodename="IOBox (String)" systemname="IOBox (String)">
   <BOUNDS height="255" left="165" top="540" type="Node" width="570">
   </BOUNDS>
   <BOUNDS height="345" left="165" top="540" type="Box" width="3285">
   </BOUNDS>
   <BOUNDS height="160" left="2400" top="41700" type="Window" width="215">
   </BOUNDS>
   <PIN encoded="0" pinname="Input String" slicecount="1" visible="0" values="|Returns skeleton data for each tracked user|">
   </PIN>
   <PIN pinname="Output String" visible="0">
   </PIN>
   <PIN pinname="Show Grid" slicecount="1" values="0">
   </PIN>
   </NODE>
   <NODE componentmode="InABox" id="32" nodename="IOBox (String)" systemname="IOBox (String)">
   <BOUNDS height="270" left="165" top="165" type="Node" width="915">
   </BOUNDS>
   <BOUNDS height="375" left="165" top="165" type="Box" width="3840">
   </BOUNDS>
   <BOUNDS height="160" left="2400" top="41700" type="Window" width="215">
   </BOUNDS>
   <PIN encoded="0" pinname="Input String" slicecount="1" visible="0" values="|Skeleton (Kinect Microsoft)|">
   </PIN>
   <PIN pinname="Output String" visible="0">
   </PIN>
   <PIN pinname="Show Grid" slicecount="1" values="0">
   </PIN>
   <PIN pinname="Size" slicecount="1" values="12">
   </PIN>
   </NODE>
   <NODE componentmode="InAWindow" id="35" nodename="Renderer (EX9)" systemname="Renderer (EX9)">
   <BOUNDS height="100" left="2580" top="7935" type="Node" width="100">
   </BOUNDS>
   <BOUNDS height="1800" left="2580" top="7935" type="Box" width="2400">
   </BOUNDS>
   <BOUNDS height="4860" left="2430" top="900" type="Window" width="6120">
   </BOUNDS>
   <PIN pinname="Projection" visible="1">
   </PIN>
   <PIN pinname="Layers" visible="1" slicecount="1" values="||">
   </PIN>
   <PIN pinname="View" visible="1" slicecount="1" values="||">
   </PIN>
   <PIN pinname="Windowed Depthbuffer Format" slicecount="1" values="D24X8">
   </PIN>
   </NODE>
   <NODE systemname="Perspective (Transform FOV)" filename="%VVVV%\addonpack\lib\nodes\modules\Transform\Perspective (Transform FOV).v4p" nodename="Perspective (Transform FOV)" componentmode="Hidden" id="41">
   <BOUNDS type="Node" left="5220" top="7215" width="100" height="100">
   </BOUNDS>
   <PIN pinname="FOV" visible="1" slicecount="2" values="0,0">
   </PIN>
   <PIN pinname="Transform Out" visible="1">
   </PIN>
   </NODE>
   <LINK srcnodeid="41" srcpinname="Transform Out" dstnodeid="35" dstpinname="Projection">
   </LINK>
   <NODE nodename="Group (EX9)" id="42" systemname="Group (EX9)">
   <BOUNDS type="Node" left="2580" top="7500" width="0" height="0">
   </BOUNDS>
   <BOUNDS type="Box" left="2580" top="7500" width="2400" height="1800">
   </BOUNDS>
   <PIN pinname="Layer 2" visible="1" slicecount="1" values="||">
   </PIN>
   <PIN pinname="Layer 1" visible="1">
   </PIN>
   </NODE>
   <LINK srcnodeid="42" srcpinname="Layer" dstnodeid="35" dstpinname="Layers">
   </LINK>
   <NODE systemname="FullscreenQuad (DX9)" filename="%VVVV%\addonpack\lib\nodes\modules\TextureFX\misc\FullscreenQuad (DX9).v4p" nodename="FullscreenQuad (DX9)" componentmode="Hidden" id="43">
   <BOUNDS type="Node" left="1095" top="6690" width="100" height="100">
   </BOUNDS>
   <PIN pinname="Layer" visible="1">
   </PIN>
   <PIN pinname="Texture" visible="1" slicecount="1" values="||">
   </PIN>
   </NODE>
   <LINK srcnodeid="43" srcpinname="Layer" dstnodeid="42" dstpinname="Layer 1">
   </LINK>
   <NODE componentmode="Hidden" filename="" id="37" nodename="Sphere (DX9)" systemname="Sphere (DX9)">
   <BOUNDS height="100" left="2820" top="6660" type="Node" width="100">
   </BOUNDS>
   <PIN pinname="Layer" visible="1">
   </PIN>
   <PIN pinname="Mesh" visible="1">
   </PIN>
   <PIN pinname="Transform" visible="1" slicecount="1" values="||">
   </PIN>
   </NODE>
   <LINK srcnodeid="37" srcpinname="Layer" dstnodeid="42" dstpinname="Layer 2">
   </LINK>
   <NODE componentmode="Hidden" id="40" nodename="Translate (Transform Vector)" systemname="Translate (Transform Vector)">
   <BOUNDS height="100" left="2985" top="5655" type="Node" width="100">
   </BOUNDS>
   <PIN pinname="Translate XYZ" visible="1">
   </PIN>
   <PIN pinname="Transform Out" visible="1">
   </PIN>
   <PIN pinname="XYZ" visible="1">
   </PIN>
   </NODE>
   <NODE systemname="UniformScale (Transform)" nodename="UniformScale (Transform)" componentmode="Hidden" id="45">
   <BOUNDS type="Node" left="2985" top="6180" width="100" height="100">
   </BOUNDS>
   <PIN pinname="Transform In" visible="1">
   </PIN>
   <PIN pinname="Transform Out" visible="1">
   </PIN>
   </NODE>
   <LINK srcnodeid="40" srcpinname="Transform Out" dstnodeid="45" dstpinname="Transform In">
   </LINK>
   <LINK srcnodeid="45" srcpinname="Transform Out" dstnodeid="37" dstpinname="Transform">
   </LINK>
   <NODE nodename="IOBox (Value Advanced)" componentmode="InABox" id="46" systemname="IOBox (Value Advanced)">
   <BOUNDS type="Box" left="3915" top="5775" width="795" height="240">
   </BOUNDS>
   <BOUNDS type="Node" left="3915" top="5775" width="0" height="0">
   </BOUNDS>
   <PIN pinname="Y Input Value" slicecount="1" values="0.05">
   </PIN>
   <PIN pinname="Units" slicecount="1" values="||">
   </PIN>
   <PIN pinname="Precision" slicecount="1" values="4">
   </PIN>
   </NODE>
   <LINK srcnodeid="46" srcpinname="Y Output Value" dstnodeid="45" dstpinname="XYZ">
   </LINK>
   <NODE nodename="IOBox (String)" componentmode="InABox" id="48" systemname="IOBox (String)">
   <BOUNDS type="Node" left="2460" top="1470" width="2715" height="270">
   </BOUNDS>
   <BOUNDS type="Box" left="2460" top="1470" width="2715" height="270">
   </BOUNDS>
   <PIN pinname="Input String" visible="0" slicecount="1" values="|&lt; Color, Depth and Skeleton enabled|">
   </PIN>
   <PIN pinname="Output String" visible="0">
   </PIN>
   <PIN pinname="Show Grid" slicecount="1" values="0">
   </PIN>
   <PIN pinname="String Type" slicecount="1" values="MultiLine">
   </PIN>
   </NODE>
   <PACK Name="addonpack" Version="35.0.0">
   </PACK>
   <NODE nodename="IOBox (Value Advanced)" componentmode="InABox" id="49" systemname="IOBox (Value Advanced)">
   <BOUNDS type="Box" left="2835" top="4440" width="480" height="285">
   </BOUNDS>
   <BOUNDS type="Node" left="2835" top="4440" width="0" height="0">
   </BOUNDS>
   <PIN pinname="Units" slicecount="1" values="||">
   </PIN>
   <PIN pinname="Precision" slicecount="1" values="4">
   </PIN>
   <PIN pinname="Value Type" slicecount="1" values="Integer">
   </PIN>
   <PIN pinname="Y Input Value" slicecount="1" values="0">
   </PIN>
   </NODE>
   <NODE nodename="IOBox (String)" componentmode="InABox" id="50" systemname="IOBox (String)">
   <BOUNDS type="Node" left="3330" top="4455" width="1350" height="270">
   </BOUNDS>
   <BOUNDS type="Box" left="3330" top="4455" width="1350" height="270">
   </BOUNDS>
   <PIN pinname="Input String" visible="0" slicecount="1" values="|&lt; Skeleton Count|">
   </PIN>
   <PIN pinname="Output String" visible="0">
   </PIN>
   <PIN pinname="Show Grid" slicecount="1" values="0">
   </PIN>
   <PIN pinname="String Type" slicecount="1" values="MultiLine">
   </PIN>
   </NODE>
   <NODE componentmode="Hidden" filename="%VVVV%\addonpack\lib\nodes\plugins\VVVV.Nodes.MSKinect.dll" id="0" nodename="Kinect (Devices Microsoft DX9)" systemname="Kinect (Devices Microsoft DX9)">
   <BOUNDS height="270" left="1095" top="2445" type="Node" width="4335">
   </BOUNDS>
   <PIN pinname="Index" visible="1" slicecount="1" values="0">
   </PIN>
   <PIN pinname="Enable Skeleton" visible="1">
   </PIN>
   <PIN pinname="Enabled" visible="1">
   </PIN>
   <PIN pinname="Motor Angle" visible="1" slicecount="1" values="0.5">
   </PIN>
   <PIN pinname="Kinect Count" visible="1">
   </PIN>
   <PIN pinname="Kinect Runtime" visible="1">
   </PIN>
   <PIN pinname="Is Started" visible="1">
   </PIN>
   <PIN pinname="Enable Color" visible="1">
   </PIN>
   <PIN pinname="Enable Depth" slicecount="1" visible="1" values="0">
   </PIN>
   <PIN pinname="Depth Mode" visible="1">
   </PIN>
   <PIN pinname="Reset" visible="1" slicecount="1" values="0">
   </PIN>
   <PIN pinname="Color FOVXY" visible="1">
   </PIN>
   <PIN pinname="Depth FOVXY" visible="1">
   </PIN>
   </NODE>
   <LINK dstnodeid="0" dstpinname="Enable Color" srcnodeid="30" srcpinname="Y Output Value">
   </LINK>
   <LINK srcnodeid="30" srcpinname="Y Output Value" dstnodeid="0" dstpinname="Enable Depth">
   </LINK>
   <LINK srcnodeid="30" srcpinname="Y Output Value" dstnodeid="0" dstpinname="Enable Skeleton">
   </LINK>
   <LINK srcnodeid="30" srcpinname="Y Output Value" dstnodeid="0" dstpinname="Enabled">
   </LINK>
   <LINK srcnodeid="0" srcpinname="Color FOVXY" dstnodeid="41" dstpinname="FOV">
   </LINK>
   <NODE componentmode="Hidden" filename="%VVVV%\addonpack\lib\nodes\plugins\VVVV.Nodes.MSKinect.dll" id="34" nodename="Skeleton (Kinect Microsoft DX9)" systemname="Skeleton (Kinect Microsoft DX9)">
   <BOUNDS height="100" left="2835" top="3780" type="Node" width="100">
   </BOUNDS>
   <PIN pinname="Kinect Runtime" visible="1" slicecount="1" values="||">
   </PIN>
   <PIN pinname="Joint PositionXYZ" visible="1">
   </PIN>
   <PIN pinname="Joint ID" visible="1">
   </PIN>
   </NODE>
   <LINK srcnodeid="34" srcpinname="Joint PositionXYZ" dstnodeid="40" dstpinname="XYZ">
   </LINK>
   <LINK srcnodeid="34" srcpinname="Skeleton Count" dstnodeid="49" dstpinname="Y Input Value">
   </LINK>
   <LINK srcnodeid="0" srcpinname="Kinect Runtime" dstnodeid="34" dstpinname="Kinect Runtime">
   </LINK>
   <NODE systemname="RGB (Kinect Microsoft DX9)" filename="%VVVV%\addonpack\lib\nodes\plugins\VVVV.Nodes.MSKinect.dll" nodename="RGB (Kinect Microsoft DX9)" componentmode="Hidden" id="44">
   <BOUNDS type="Node" left="1095" top="6135" width="100" height="100">
   </BOUNDS>
   <PIN pinname="Kinect Runtime" visible="1" slicecount="1" values="||">
   </PIN>
   <PIN pinname="Texture Out" visible="1">
   </PIN>
   </NODE>
   <LINK srcnodeid="44" srcpinname="Texture Out" dstnodeid="43" dstpinname="Texture">
   </LINK>
   <LINK srcnodeid="0" srcpinname="Kinect Runtime" dstnodeid="44" dstpinname="Kinect Runtime">
   </LINK>
   <NODE nodename="IOBox (Value Advanced)" componentmode="InABox" id="51" systemname="IOBox (Value Advanced)">
   <BOUNDS type="Box" left="765" top="2085" width="795" height="240">
   </BOUNDS>
   <BOUNDS type="Node" left="765" top="2085" width="0" height="0">
   </BOUNDS>
   <PIN pinname="Y Input Value" slicecount="1" visible="1" values="0.8">
   </PIN>
   <PIN pinname="Units" slicecount="1" values="||">
   </PIN>
   <PIN pinname="Precision" slicecount="1" values="4">
   </PIN>
   </NODE>
   <LINK srcnodeid="51" srcpinname="Y Output Value" dstnodeid="0" dstpinname="Motor Angle">
   </LINK>
   <NODE nodename="IOBox (String)" componentmode="InABox" id="52" systemname="IOBox (String)">
   <BOUNDS type="Box" left="5835" top="4455" width="1080" height="270">
   </BOUNDS>
   <BOUNDS type="Node" left="5835" top="4455" width="0" height="0">
   </BOUNDS>
   <PIN pinname="Default" slicecount="1" values="||">
   </PIN>
   <PIN pinname="File Mask" slicecount="1" values="||">
   </PIN>
   <PIN pinname="Maximum Characters" slicecount="1" values="-1">
   </PIN>
   <PIN pinname="Output String" visible="1">
   </PIN>
   </NODE>
   <LINK srcnodeid="34" srcpinname="Joint ID" dstnodeid="52" dstpinname="Input String">
   </LINK>
   <NODE nodename="IOBox (Value Advanced)" componentmode="InABox" id="57">
   <BOUNDS type="Box" left="7335" top="4440" width="795" height="240">
   </BOUNDS>
   <BOUNDS type="Node" left="7335" top="4440" width="0" height="0">
   </BOUNDS>
   <PIN pinname="Y Input Value" slicecount="1" visible="1" values="0">
   </PIN>
   <PIN pinname="Units" slicecount="1" values="||">
   </PIN>
   <PIN pinname="Precision" slicecount="1" values="4">
   </PIN>
   <PIN pinname="Descriptive Name" slicecount="1" values="TranslateX">
   </PIN>
   </NODE>
   <NODE nodename="IOBox (Value Advanced)" componentmode="InABox" id="58">
   <BOUNDS type="Box" left="8250" top="4485" width="795" height="240">
   </BOUNDS>
   <BOUNDS type="Node" left="8250" top="4485" width="0" height="0">
   </BOUNDS>
   <PIN pinname="Y Input Value" slicecount="1" visible="1" values="0">
   </PIN>
   <PIN pinname="Units" slicecount="1" values="||">
   </PIN>
   <PIN pinname="Precision" slicecount="1" values="4">
   </PIN>
   <PIN pinname="Descriptive Name" slicecount="1" values="TranslateY">
   </PIN>
   </NODE>
   </PATCH>