<!DOCTYPE PATCH  SYSTEM "http://vvvv.org/versions/vvvv50beta35.7.dtd" >
   <PATCH nodename="C:\Users\Tang Cam Hong Pham\Desktop\testuu.v4p" scrollx="3573" scrolly="714" systemname="testuu" filename="C:\Users\Tang Cam Hong Pham\Desktop\VVVV\vvvv_50beta35.5_x86\testuu.v4p">
   <BOUNDS type="Window" left="-77" top="0" width="10234" height="12117">
   </BOUNDS>
   <NODE systemname="Group (EX9)" nodename="Group (EX9)" componentmode="Hidden" id="20">
   <BOUNDS type="Node" left="354" top="9813" width="8862" height="252">
   </BOUNDS>
   <PIN pinname="Layer 1" visible="1" slicecount="1" values="||">
   </PIN>
   <PIN pinname="Layer 2" visible="1" slicecount="1" values="||">
   </PIN>
   <PIN pinname="Layer Template Count" slicecount="1" values="8">
   </PIN>
   <PIN pinname="Layer 3" visible="1" slicecount="1" values="||">
   </PIN>
   <PIN pinname="Layer" visible="1">
   </PIN>
   <PIN pinname="Layer 8" visible="1">
   </PIN>
   <PIN pinname="Layer 4" visible="1" slicecount="1" values="||">
   </PIN>
   <PIN pinname="Layer 5" visible="1" slicecount="1" values="||">
   </PIN>
   <PIN pinname="Layer 6" visible="1" slicecount="1" values="||">
   </PIN>
   <PIN pinname="Layer 7" visible="1" slicecount="1" values="||">
   </PIN>
   </NODE>
   <NODE systemname="Renderer (EX9)" nodename="Renderer (EX9)" componentmode="InAWindow" id="15" stayontop="0">
   <BOUNDS type="Node" left="319" top="12458" width="100" height="100">
   </BOUNDS>
   <BOUNDS type="Box" left="319" top="12458" width="2400" height="1800">
   </BOUNDS>
   <BOUNDS type="Window" left="9926" top="0" width="9065" height="10514">
   </BOUNDS>
   <PIN pinname="Layers" visible="1">
   </PIN>
   <PIN pinname="Actual Backbuffer Width" visible="1">
   </PIN>
   <PIN pinname="Actual Backbuffer Height" visible="1">
   </PIN>
   <PIN pinname="Aspect Ratio" visible="1">
   </PIN>
   <PIN pinname="Background Color" visible="1" slicecount="1" values="|0.00000,0.00000,0.00000,1.00000|">
   </PIN>
   <PIN pinname="View" visible="1">
   </PIN>
   <PIN pinname="Projection" visible="1">
   </PIN>
   <PIN pinname="EX9 Out" visible="1">
   </PIN>
   </NODE>
   <LINK srcnodeid="20" srcpinname="Layer" dstnodeid="15" dstpinname="Layers">
   </LINK>
   <NODE systemname="LinearSpread (Spreads)" nodename="LinearSpread (Spreads)" componentmode="Hidden" id="14">
   <BOUNDS type="Node" left="1869" top="6055" width="100" height="100">
   </BOUNDS>
   <PIN pinname="Output" visible="1">
   </PIN>
   <PIN pinname="Spread Count" visible="1">
   </PIN>
   <PIN pinname="Input" visible="1" slicecount="1" values="0.175215188045614">
   </PIN>
   <PIN pinname="Width" slicecount="1" values="1">
   </PIN>
   </NODE>
   <NODE nodename="IOBox (Value Advanced)" componentmode="InABox" id="13" systemname="IOBox (Value Advanced)">
   <BOUNDS type="Box" left="2796" top="5526" width="280" height="224">
   </BOUNDS>
   <BOUNDS type="Node" left="2796" top="5526" width="0" height="0">
   </BOUNDS>
   <PIN pinname="Y Input Value" slicecount="1" visible="1" values="1000">
   </PIN>
   <PIN pinname="Units" slicecount="1" values="||">
   </PIN>
   <PIN pinname="Precision" slicecount="1" values="4">
   </PIN>
   <PIN pinname="Value Type" slicecount="1" values="Integer">
   </PIN>
   <PIN pinname="Y Output Value" visible="1">
   </PIN>
   </NODE>
   <LINK srcnodeid="13" srcpinname="Y Output Value" dstnodeid="14" dstpinname="Spread Count">
   </LINK>
   <NODE systemname="AspectRatio (Transform)" nodename="AspectRatio (Transform)" componentmode="Hidden" id="12">
   <BOUNDS type="Node" left="1460" top="13444" width="100" height="100">
   </BOUNDS>
   <PIN pinname="Aspect Width" visible="1">
   </PIN>
   <PIN pinname="Aspect Height" visible="1">
   </PIN>
   <PIN pinname="Transform Out" visible="1">
   </PIN>
   </NODE>
   <LINK srcnodeid="15" srcpinname="Actual Backbuffer Width" dstnodeid="12" dstpinname="Aspect Width">
   </LINK>
   <LINK srcnodeid="15" srcpinname="Actual Backbuffer Height" dstnodeid="12" dstpinname="Aspect Height">
   </LINK>
   <LINK srcnodeid="12" srcpinname="Transform Out" dstnodeid="15" dstpinname="Aspect Ratio">
   </LINK>
   <NODE nodename="B-Spline (2d)" componentmode="Hidden" id="1" systemname="B-Spline (2d)" filename="%VVVV%\lib\nodes\modules\2D\B-Spline (2d).v4p">
   <BOUNDS type="Node" left="1887" top="6609" width="0" height="0">
   </BOUNDS>
   <BOUNDS type="Box" left="1887" top="6609" width="0" height="0">
   </BOUNDS>
   <BOUNDS type="Window" left="6390" top="6345" width="17520" height="9585">
   </BOUNDS>
   <PIN pinname="ControlXY" slicecount="12" visible="1" values="-0.0188304968178272,-1.37261545658112,-0.0399999767541885,0.0699999928474426,0.479999989271164,-0.272165089845657,0.692841291427612,-0.0400000065565109,0.422841399908066,0.251591324806213,0.887836217880249,0.279999971389771">
   </PIN>
   <PIN pinname="OutputXY" visible="1">
   </PIN>
   <PIN pinname="Show Helpers" visible="1" slicecount="1" values="1">
   </PIN>
   <PIN pinname="Degree" slicecount="1" values="2">
   </PIN>
   </NODE>
   <LINK srcnodeid="14" srcpinname="Output" dstnodeid="1" dstpinname="Input">
   </LINK>
   <NODE systemname="Cursor (DX9)" filename="%VVVV%\lib\packs\VL.EditingFramework.0.49.229-g30fb9f349f\vvvv\nodes\modules\DX9\Cursor (DX9).v4p" nodename="Cursor (DX9)" componentmode="Hidden" id="22">
   <BOUNDS type="Node" left="8064" top="9331" width="100" height="100">
   </BOUNDS>
   <PIN pinname="Layer" visible="1">
   </PIN>
   </NODE>
   <LINK srcnodeid="22" srcpinname="Layer" dstnodeid="20" dstpinname="Layer 8">
   </LINK>
   <NODE systemname="LinearSpread (Spreads)" nodename="LinearSpread (Spreads)" componentmode="Hidden" id="26">
   <BOUNDS type="Node" left="3366" top="6073" width="100" height="100">
   </BOUNDS>
   <PIN pinname="Output" visible="1">
   </PIN>
   <PIN pinname="Spread Count" visible="1">
   </PIN>
   <PIN pinname="Input" visible="1" slicecount="1" values="0.485210223956621">
   </PIN>
   </NODE>
   <NODE nodename="IOBox (Value Advanced)" componentmode="InABox" id="25" systemname="IOBox (Value Advanced)">
   <BOUNDS type="Box" left="4314" top="5740" width="280" height="224">
   </BOUNDS>
   <BOUNDS type="Node" left="4314" top="5740" width="0" height="0">
   </BOUNDS>
   <PIN pinname="Y Input Value" slicecount="1" visible="1" values="50">
   </PIN>
   <PIN pinname="Units" slicecount="1" values="||">
   </PIN>
   <PIN pinname="Precision" slicecount="1" values="4">
   </PIN>
   <PIN pinname="Value Type" slicecount="1" values="Integer">
   </PIN>
   </NODE>
   <LINK srcnodeid="25" srcpinname="Y Output Value" dstnodeid="26" dstpinname="Spread Count">
   </LINK>
   <NODE nodename="B-Spline (2d)" componentmode="Hidden" id="23" systemname="B-Spline (2d)" filename="%VVVV%\lib\nodes\modules\2D\B-Spline (2d).v4p">
   <BOUNDS type="Node" left="3384" top="6627" width="0" height="0">
   </BOUNDS>
   <BOUNDS type="Box" left="3384" top="6627" width="0" height="0">
   </BOUNDS>
   <BOUNDS type="Window" left="6390" top="6345" width="17520" height="9585">
   </BOUNDS>
   <PIN pinname="ControlXY" visible="1" slicecount="12" values="-0.0188304968178272,-1.37261545658112,-1.77999997138977,0.309002041816711,-0.672163724899292,0.0378348901867867,-0.569999992847443,-0.458756655454636,0.432841420173645,0.291591316461563,0.00783622451126575,-1.3234748840332">
   </PIN>
   <PIN pinname="Input" visible="1" slicecount="12" values="-0.495,-0.485,-0.475,-0.465,-0.455,-0.445,-0.435,-0.425,-0.415,-0.405,-0.395,-0.385">
   </PIN>
   <PIN pinname="Show Helpers" visible="1" slicecount="1" values="0">
   </PIN>
   <PIN pinname="OutputXY" visible="1">
   </PIN>
   </NODE>
   <NODE systemname="Camera (Transform Softimage)" filename="%VVVV%\lib\packs\VL.EditingFramework.0.49.229-g30fb9f349f\vvvv\nodes\modules\Camera (Transform Softimage).v4p" nodename="Camera (Transform Softimage)" componentmode="Hidden" id="35">
   <BOUNDS type="Node" left="1729" top="11046" width="100" height="100">
   </BOUNDS>
   <PIN pinname="View" visible="1">
   </PIN>
   <PIN pinname="Projection" visible="1">
   </PIN>
   </NODE>
   <LINK srcnodeid="35" srcpinname="View" dstnodeid="15" dstpinname="View">
   </LINK>
   <LINK srcnodeid="35" srcpinname="Projection" dstnodeid="15" dstpinname="Projection">
   </LINK>
   <NODE nodename="IOBox (Value Advanced)" componentmode="InABox" id="36" systemname="IOBox (Value Advanced)">
   <BOUNDS type="Box" left="2394" top="112" width="1211" height="2534">
   </BOUNDS>
   <BOUNDS type="Node" left="2394" top="112" width="0" height="0">
   </BOUNDS>
   <PIN pinname="Y Input Value" slicecount="12" visible="1" values="-0.67,0.73,-0.83,0.34,-0.28,0.4,-0.24,0.01,0.01,0,-0.02,-1.3">
   </PIN>
   <PIN pinname="Units" slicecount="1" values="||">
   </PIN>
   <PIN pinname="Precision" slicecount="1" values="4">
   </PIN>
   <PIN pinname="Vector Size" slicecount="1" values="2">
   </PIN>
   <PIN pinname="Rows" slicecount="1" values="12">
   </PIN>
   <PIN pinname="Y Output Value" visible="1">
   </PIN>
   </NODE>
   <LINK srcnodeid="26" srcpinname="Output" dstnodeid="23" dstpinname="Input">
   </LINK>
   <LINK srcnodeid="36" srcpinname="Y Output Value" dstnodeid="23" dstpinname="ControlXY">
   </LINK>
   <NODE systemname="LinearSpread (Spreads)" nodename="LinearSpread (Spreads)" componentmode="Hidden" id="42">
   <BOUNDS type="Node" left="4829" top="6052" width="100" height="100">
   </BOUNDS>
   <PIN pinname="Output" visible="1">
   </PIN>
   <PIN pinname="Spread Count" visible="1">
   </PIN>
   <PIN pinname="Input" visible="1" slicecount="1" values="0.01">
   </PIN>
   </NODE>
   <NODE nodename="IOBox (Value Advanced)" componentmode="InABox" id="41" systemname="IOBox (Value Advanced)">
   <BOUNDS type="Box" left="5777" top="5719" width="280" height="224">
   </BOUNDS>
   <BOUNDS type="Node" left="5777" top="5719" width="0" height="0">
   </BOUNDS>
   <PIN pinname="Y Input Value" slicecount="1" visible="1" values="50">
   </PIN>
   <PIN pinname="Units" slicecount="1" values="||">
   </PIN>
   <PIN pinname="Precision" slicecount="1" values="4">
   </PIN>
   <PIN pinname="Value Type" slicecount="1" values="Integer">
   </PIN>
   </NODE>
   <LINK srcnodeid="41" srcpinname="Y Output Value" dstnodeid="42" dstpinname="Spread Count">
   </LINK>
   <NODE nodename="B-Spline (2d)" componentmode="Hidden" id="39" systemname="B-Spline (2d)" filename="%VVVV%\lib\nodes\modules\2D\B-Spline (2d).v4p">
   <BOUNDS type="Node" left="4847" top="6606" width="0" height="0">
   </BOUNDS>
   <BOUNDS type="Box" left="4847" top="6606" width="0" height="0">
   </BOUNDS>
   <BOUNDS type="Window" left="6390" top="6345" width="17520" height="9585">
   </BOUNDS>
   <PIN pinname="ControlXY" visible="1" slicecount="12" values="-0.0188304968178272,-1.37261545658112,-1.77999997138977,0.309002041816711,-0.672163724899292,0.0378348901867867,-0.569999992847443,-0.458756655454636,0.432841420173645,0.291591316461563,0.00783622451126575,-1.3234748840332">
   </PIN>
   <PIN pinname="Input" visible="1" slicecount="12" values="-0.495,-0.485,-0.475,-0.465,-0.455,-0.445,-0.435,-0.425,-0.415,-0.405,-0.395,-0.385">
   </PIN>
   <PIN pinname="Show Helpers" visible="1" slicecount="1" values="1">
   </PIN>
   <PIN pinname="Topology" slicecount="1" values="Clamped">
   </PIN>
   <PIN pinname="Degree" slicecount="1" values="4">
   </PIN>
   <PIN pinname="OutputXY" visible="1">
   </PIN>
   </NODE>
   <NODE nodename="IOBox (Value Advanced)" componentmode="InABox" id="38" systemname="IOBox (Value Advanced)">
   <BOUNDS type="Box" left="3808" top="119" width="1155" height="2485">
   </BOUNDS>
   <BOUNDS type="Node" left="3808" top="119" width="0" height="0">
   </BOUNDS>
   <PIN pinname="Y Input Value" slicecount="12" visible="1" values="-0.97,0.04,-1.04,-0.26,-0.67,-0.28,-0.54,-0.61,0.05,0,-0.02,-1.3">
   </PIN>
   <PIN pinname="Units" slicecount="1" values="||">
   </PIN>
   <PIN pinname="Precision" slicecount="1" values="4">
   </PIN>
   <PIN pinname="Vector Size" slicecount="1" values="2">
   </PIN>
   <PIN pinname="Rows" slicecount="1" values="12">
   </PIN>
   <PIN pinname="Y Output Value" visible="1">
   </PIN>
   </NODE>
   <LINK srcnodeid="42" srcpinname="Output" dstnodeid="39" dstpinname="Input">
   </LINK>
   <LINK srcnodeid="38" srcpinname="Y Output Value" dstnodeid="39" dstpinname="ControlXY">
   </LINK>
   <NODE nodename="IOBox (Value Advanced)" componentmode="InABox" id="46" systemname="IOBox (Value Advanced)">
   <BOUNDS type="Box" left="861" top="140" width="1323" height="2513">
   </BOUNDS>
   <BOUNDS type="Node" left="861" top="140" width="0" height="0">
   </BOUNDS>
   <PIN pinname="Y Input Value" slicecount="12" visible="1" values="0.82,0.37,0.66,0.55,0.45,0.37,0.33,-0.02,-0.04,0.3,-0.02,-1.3">
   </PIN>
   <PIN pinname="Units" slicecount="1" values="||">
   </PIN>
   <PIN pinname="Precision" slicecount="1" values="4">
   </PIN>
   <PIN pinname="Vector Size" slicecount="1" values="2">
   </PIN>
   <PIN pinname="Rows" slicecount="1" values="12">
   </PIN>
   <PIN pinname="Y Output Value" visible="1">
   </PIN>
   </NODE>
   <LINK srcnodeid="46" srcpinname="Y Output Value" dstnodeid="1" dstpinname="ControlXY">
   </LINK>
   <NODE nodename="IOBox (String)" componentmode="InABox" id="49" systemname="IOBox (String)">
   <BOUNDS type="Node" left="469" top="147" width="217" height="210">
   </BOUNDS>
   <BOUNDS type="Box" left="469" top="147" width="217" height="210">
   </BOUNDS>
   <PIN pinname="Input String" visible="0" slicecount="1" values="x1">
   </PIN>
   <PIN pinname="Output String" visible="0">
   </PIN>
   <PIN pinname="Show Grid" slicecount="1" values="0">
   </PIN>
   <PIN pinname="String Type" slicecount="1" values="MultiLine">
   </PIN>
   </NODE>
   <NODE nodename="IOBox (String)" componentmode="InABox" id="50" systemname="IOBox (String)">
   <BOUNDS type="Node" left="483" top="364" width="217" height="210">
   </BOUNDS>
   <BOUNDS type="Box" left="483" top="364" width="217" height="210">
   </BOUNDS>
   <PIN pinname="Input String" visible="0" slicecount="1" values="y1">
   </PIN>
   <PIN pinname="Output String" visible="0">
   </PIN>
   <PIN pinname="Show Grid" slicecount="1" values="0">
   </PIN>
   <PIN pinname="String Type" slicecount="1" values="MultiLine">
   </PIN>
   </NODE>
   <NODE nodename="IOBox (String)" componentmode="InABox" id="52" systemname="IOBox (String)">
   <BOUNDS type="Node" left="462" top="616" width="217" height="210">
   </BOUNDS>
   <BOUNDS type="Box" left="462" top="616" width="217" height="210">
   </BOUNDS>
   <PIN pinname="Input String" visible="0" slicecount="1" values="x2">
   </PIN>
   <PIN pinname="Output String" visible="0">
   </PIN>
   <PIN pinname="Show Grid" slicecount="1" values="0">
   </PIN>
   <PIN pinname="String Type" slicecount="1" values="MultiLine">
   </PIN>
   </NODE>
   <NODE nodename="IOBox (String)" componentmode="InABox" id="51" systemname="IOBox (String)">
   <BOUNDS type="Node" left="455" top="840" width="217" height="210">
   </BOUNDS>
   <BOUNDS type="Box" left="455" top="840" width="217" height="210">
   </BOUNDS>
   <PIN pinname="Input String" visible="0" slicecount="1" values="y2">
   </PIN>
   <PIN pinname="Output String" visible="0">
   </PIN>
   <PIN pinname="Show Grid" slicecount="1" values="0">
   </PIN>
   <PIN pinname="String Type" slicecount="1" values="MultiLine">
   </PIN>
   </NODE>
   <NODE nodename="IOBox (String)" componentmode="InABox" id="54" systemname="IOBox (String)">
   <BOUNDS type="Node" left="441" top="1036" width="217" height="210">
   </BOUNDS>
   <BOUNDS type="Box" left="441" top="1036" width="217" height="210">
   </BOUNDS>
   <PIN pinname="Input String" visible="0" slicecount="1" values="x3">
   </PIN>
   <PIN pinname="Output String" visible="0">
   </PIN>
   <PIN pinname="Show Grid" slicecount="1" values="0">
   </PIN>
   <PIN pinname="String Type" slicecount="1" values="MultiLine">
   </PIN>
   </NODE>
   <NODE nodename="IOBox (String)" componentmode="InABox" id="53" systemname="IOBox (String)">
   <BOUNDS type="Node" left="441" top="1211" width="217" height="210">
   </BOUNDS>
   <BOUNDS type="Box" left="441" top="1211" width="217" height="210">
   </BOUNDS>
   <PIN pinname="Input String" visible="0" slicecount="1" values="y3">
   </PIN>
   <PIN pinname="Output String" visible="0">
   </PIN>
   <PIN pinname="Show Grid" slicecount="1" values="0">
   </PIN>
   <PIN pinname="String Type" slicecount="1" values="MultiLine">
   </PIN>
   </NODE>
   <NODE nodename="IOBox (String)" componentmode="InABox" id="56" systemname="IOBox (String)">
   <BOUNDS type="Node" left="434" top="1442" width="217" height="210">
   </BOUNDS>
   <BOUNDS type="Box" left="434" top="1442" width="217" height="210">
   </BOUNDS>
   <PIN pinname="Input String" visible="0" slicecount="1" values="x4">
   </PIN>
   <PIN pinname="Output String" visible="0">
   </PIN>
   <PIN pinname="Show Grid" slicecount="1" values="0">
   </PIN>
   <PIN pinname="String Type" slicecount="1" values="MultiLine">
   </PIN>
   </NODE>
   <NODE nodename="IOBox (String)" componentmode="InABox" id="55" systemname="IOBox (String)">
   <BOUNDS type="Node" left="434" top="1631" width="217" height="210">
   </BOUNDS>
   <BOUNDS type="Box" left="434" top="1631" width="217" height="210">
   </BOUNDS>
   <PIN pinname="Input String" visible="0" slicecount="1" values="y4">
   </PIN>
   <PIN pinname="Output String" visible="0">
   </PIN>
   <PIN pinname="Show Grid" slicecount="1" values="0">
   </PIN>
   <PIN pinname="String Type" slicecount="1" values="MultiLine">
   </PIN>
   </NODE>
   <NODE nodename="IOBox (String)" componentmode="InABox" id="58" systemname="IOBox (String)">
   <BOUNDS type="Node" left="406" top="1904" width="217" height="210">
   </BOUNDS>
   <BOUNDS type="Box" left="406" top="1904" width="406" height="252">
   </BOUNDS>
   <PIN pinname="Input String" visible="0" slicecount="1" values="x5">
   </PIN>
   <PIN pinname="Output String" visible="0">
   </PIN>
   <PIN pinname="Show Grid" slicecount="1" values="0">
   </PIN>
   <PIN pinname="String Type" slicecount="1" values="MultiLine">
   </PIN>
   </NODE>
   <NODE nodename="IOBox (String)" componentmode="InABox" id="57" systemname="IOBox (String)">
   <BOUNDS type="Node" left="434" top="2093" width="217" height="210">
   </BOUNDS>
   <BOUNDS type="Box" left="434" top="2093" width="217" height="210">
   </BOUNDS>
   <PIN pinname="Input String" visible="0" slicecount="1" values="|y5&cr;&lf;y5&cr;&lf;y5|">
   </PIN>
   <PIN pinname="Output String" visible="0">
   </PIN>
   <PIN pinname="Show Grid" slicecount="1" values="0">
   </PIN>
   <PIN pinname="String Type" slicecount="1" values="MultiLine">
   </PIN>
   </NODE>
   <NODE nodename="IOBox (String)" componentmode="InABox" id="60" systemname="IOBox (String)">
   <BOUNDS type="Node" left="413" top="2317" width="217" height="210">
   </BOUNDS>
   <BOUNDS type="Box" left="413" top="2317" width="406" height="252">
   </BOUNDS>
   <PIN pinname="Input String" visible="0" slicecount="1" values="x6">
   </PIN>
   <PIN pinname="Output String" visible="0">
   </PIN>
   <PIN pinname="Show Grid" slicecount="1" values="0">
   </PIN>
   <PIN pinname="String Type" slicecount="1" values="MultiLine">
   </PIN>
   </NODE>
   <NODE nodename="IOBox (String)" componentmode="InABox" id="59" systemname="IOBox (String)">
   <BOUNDS type="Node" left="413" top="2457" width="217" height="210">
   </BOUNDS>
   <BOUNDS type="Box" left="413" top="2457" width="217" height="210">
   </BOUNDS>
   <PIN pinname="Input String" visible="0" slicecount="1" values="|y6&cr;&lf;y5&cr;&lf;y5|">
   </PIN>
   <PIN pinname="Output String" visible="0">
   </PIN>
   <PIN pinname="Show Grid" slicecount="1" values="0">
   </PIN>
   <PIN pinname="String Type" slicecount="1" values="MultiLine">
   </PIN>
   </NODE>
   <NODE systemname="LFO (Animation)" nodename="LFO (Animation)" componentmode="Hidden" id="61">
   <BOUNDS type="Node" left="3332" top="4347" width="100" height="100">
   </BOUNDS>
   <PIN pinname="Output" visible="1">
   </PIN>
   <PIN pinname="Reverse" slicecount="1" visible="1" values="0">
   </PIN>
   <PIN pinname="Period" visible="1">
   </PIN>
   <PIN pinname="Pause" visible="1" slicecount="1" values="0">
   </PIN>
   <PIN pinname="Reset" slicecount="1" visible="1" values="0">
   </PIN>
   <PIN pinname="Change" visible="1">
   </PIN>
   <PIN pinname="Cycles" visible="1">
   </PIN>
   </NODE>
   <NODE nodename="IOBox (Value Advanced)" componentmode="InABox" id="62" systemname="IOBox (Value Advanced)">
   <BOUNDS type="Box" left="3171" top="3808" width="693" height="210">
   </BOUNDS>
   <BOUNDS type="Node" left="3171" top="3808" width="0" height="0">
   </BOUNDS>
   <PIN pinname="Y Input Value" slicecount="1" visible="1" values="10">
   </PIN>
   <PIN pinname="Units" slicecount="1" values="s">
   </PIN>
   <PIN pinname="Precision" slicecount="1" values="4">
   </PIN>
   </NODE>
   <LINK srcnodeid="62" srcpinname="Y Output Value" dstnodeid="61" dstpinname="Period">
   </LINK>
   <NODE systemname="TogEdge (Animation)" nodename="TogEdge (Animation)" componentmode="Hidden" id="99">
   <BOUNDS type="Node" left="5180" top="2534" width="100" height="100">
   </BOUNDS>
   <PIN pinname="Input" visible="1" slicecount="1" values="0">
   </PIN>
   <PIN pinname="Up Edge" visible="1">
   </PIN>
   </NODE>
   <NODE nodename="IOBox (Value Advanced)" componentmode="InABox" id="100" systemname="IOBox (Value Advanced)">
   <BOUNDS type="Box" left="6755" top="4613" width="480" height="480">
   </BOUNDS>
   <BOUNDS type="Node" left="6755" top="4613" width="0" height="0">
   </BOUNDS>
   <PIN pinname="Y Input Value" slicecount="1" visible="1" values="1">
   </PIN>
   <PIN pinname="Units" slicecount="1" values="||">
   </PIN>
   <PIN pinname="Precision" slicecount="1" values="4">
   </PIN>
   <PIN pinname="Value Type" slicecount="1" values="Boolean">
   </PIN>
   <PIN pinname="Behavior" slicecount="1" values="Toggle">
   </PIN>
   <PIN pinname="X Input Value" slicecount="1" values="1">
   </PIN>
   <PIN pinname="Y Output Value" visible="1">
   </PIN>
   <PIN pinname="Descriptive Name" slicecount="1" values="Reverse">
   </PIN>
   </NODE>
   <NODE systemname="FrameDelay (Value)" filename="%VVVV%\lib\nodes\plugins\VVVV.Nodes.dll" nodename="FrameDelay (Value)" componentmode="Hidden" id="108">
   <BOUNDS type="Node" left="5201" top="3584" width="100" height="100">
   </BOUNDS>
   <PIN pinname="Input 1" visible="1">
   </PIN>
   <PIN pinname="Output 1" visible="1">
   </PIN>
   </NODE>
   <NODE systemname="Switch (Value Input)" nodename="Switch (Value Input)" componentmode="Hidden" id="119">
   <BOUNDS type="Node" left="15624" top="5698" width="100" height="100">
   </BOUNDS>
   <PIN pinname="Input 2" visible="1" slicecount="1" values="0">
   </PIN>
   <PIN pinname="Input 1" visible="1" slicecount="1" values="0.434923430665968">
   </PIN>
   <PIN pinname="Switch" visible="1" slicecount="1" values="0">
   </PIN>
   <PIN pinname="Output" visible="1">
   </PIN>
   </NODE>
   <PACK Name="addonpack" Version="35.0.0">
   </PACK>
   <NODE nodename="IOBox (Value Advanced)" componentmode="InABox" id="126">
   <BOUNDS type="Box" left="5194" top="4116" width="480" height="480">
   </BOUNDS>
   <BOUNDS type="Node" left="5194" top="4116" width="0" height="0">
   </BOUNDS>
   <PIN pinname="Y Input Value" slicecount="1" visible="1" values="0">
   </PIN>
   <PIN pinname="Units" slicecount="1" values="||">
   </PIN>
   <PIN pinname="Precision" slicecount="1" values="4">
   </PIN>
   <PIN pinname="Value Type" slicecount="1" values="Boolean">
   </PIN>
   <PIN pinname="Behavior" slicecount="1" values="Toggle">
   </PIN>
   <PIN pinname="X Input Value" slicecount="1" values="0">
   </PIN>
   <PIN pinname="Descriptive Name" slicecount="1" values="|Output 1 - Pause|">
   </PIN>
   </NODE>
   <LINK srcnodeid="126" srcpinname="Y Output Value" dstnodeid="61" dstpinname="Pause">
   </LINK>
   <LINK srcnodeid="61" srcpinname="Output" dstnodeid="42" dstpinname="Input">
   </LINK>
   <LINK srcnodeid="61" srcpinname="Output" dstnodeid="26" dstpinname="Input">
   </LINK>
   <LINK srcnodeid="61" srcpinname="Output" dstnodeid="14" dstpinname="Input">
   </LINK>
   <NODE nodename="IOBox (Value Advanced)" componentmode="InABox" id="131">
   <BOUNDS type="Box" left="5194" top="1008" width="693" height="210">
   </BOUNDS>
   <BOUNDS type="Node" left="5194" top="1008" width="0" height="0">
   </BOUNDS>
   <PIN pinname="Units" slicecount="1" values="||">
   </PIN>
   <PIN pinname="Precision" slicecount="1" values="4">
   </PIN>
   <PIN pinname="Y Output Value" visible="1">
   </PIN>
   </NODE>
   <LINK srcnodeid="61" srcpinname="Output" dstnodeid="131" dstpinname="Y Input Value">
   </LINK>
   <NODE systemname="LT (Value)" nodename="LT (Value)" componentmode="Hidden" id="132">
   <BOUNDS type="Node" left="5201" top="1400" width="100" height="100">
   </BOUNDS>
   <PIN pinname="Input 1" visible="1">
   </PIN>
   <PIN pinname="Input 2" visible="1">
   </PIN>
   <PIN pinname="Output" visible="1">
   </PIN>
   </NODE>
   <LINK srcnodeid="131" srcpinname="Y Output Value" dstnodeid="132" dstpinname="Input 1">
   </LINK>
   <NODE nodename="IOBox (Value Advanced)" componentmode="InABox" id="133">
   <BOUNDS type="Box" left="6006" top="1001" width="693" height="210">
   </BOUNDS>
   <BOUNDS type="Node" left="6006" top="1001" width="0" height="0">
   </BOUNDS>
   <PIN pinname="Y Input Value" slicecount="1" visible="1" values="0.001">
   </PIN>
   <PIN pinname="Units" slicecount="1" values="||">
   </PIN>
   <PIN pinname="Precision" slicecount="1" values="4">
   </PIN>
   </NODE>
   <LINK srcnodeid="133" srcpinname="Y Output Value" dstnodeid="132" dstpinname="Input 2">
   </LINK>
   <NODE systemname="FlipFlop (Animation)" nodename="FlipFlop (Animation)" componentmode="Hidden" id="137">
   <BOUNDS type="Node" left="5201" top="2996" width="100" height="100">
   </BOUNDS>
   <PIN pinname="Set" visible="1">
   </PIN>
   <PIN pinname="Output" visible="1">
   </PIN>
   <PIN pinname="Reset" slicecount="1" visible="1" values="0">
   </PIN>
   </NODE>
   <LINK srcnodeid="99" srcpinname="Up Edge" dstnodeid="137" dstpinname="Set">
   </LINK>
   <LINK srcnodeid="108" srcpinname="Output 1" dstnodeid="126" dstpinname="Y Input Value">
   </LINK>
   <NODE nodename="IOBox (Value Advanced)" componentmode="InABox" id="140">
   <BOUNDS type="Box" left="6118" top="2359" width="480" height="480">
   </BOUNDS>
   <BOUNDS type="Node" left="6118" top="2359" width="0" height="0">
   </BOUNDS>
   <PIN pinname="Y Input Value" slicecount="1" visible="1" values="0">
   </PIN>
   <PIN pinname="Units" slicecount="1" values="||">
   </PIN>
   <PIN pinname="Precision" slicecount="1" values="4">
   </PIN>
   <PIN pinname="Value Type" slicecount="1" values="Boolean">
   </PIN>
   <PIN pinname="Behavior" slicecount="1" values="Bang">
   </PIN>
   <PIN pinname="X Input Value" slicecount="1" values="0">
   </PIN>
   </NODE>
   <LINK srcnodeid="140" srcpinname="Y Output Value" dstnodeid="137" dstpinname="Reset">
   </LINK>
   <LINK srcnodeid="137" srcpinname="Output" dstnodeid="108" dstpinname="Input 1">
   </LINK>
   <NODE systemname="Mouse (Devices Desktop)" filename="%VVVV%\lib\nodes\plugins\VVVV.Nodes.dll" nodename="Mouse (Devices Desktop)" componentmode="Hidden" id="141">
   <BOUNDS type="Node" left="7427" top="175" width="100" height="100">
   </BOUNDS>
   <PIN pinname="Left Button" visible="1">
   </PIN>
   </NODE>
   <NODE nodename="IOBox (Value Advanced)" componentmode="InABox" id="145">
   <BOUNDS type="Box" left="6909" top="1029" width="693" height="210">
   </BOUNDS>
   <BOUNDS type="Node" left="6909" top="1029" width="0" height="0">
   </BOUNDS>
   <PIN pinname="Units" slicecount="1" values="||">
   </PIN>
   <PIN pinname="Precision" slicecount="1" values="4">
   </PIN>
   <PIN pinname="Y Output Value" visible="1">
   </PIN>
   <PIN pinname="Y Input Value" visible="1">
   </PIN>
   </NODE>
   <NODE nodename="IOBox (Value Advanced)" componentmode="InABox" id="143">
   <BOUNDS type="Box" left="7721" top="1022" width="693" height="210">
   </BOUNDS>
   <BOUNDS type="Node" left="7721" top="1022" width="0" height="0">
   </BOUNDS>
   <PIN pinname="Y Input Value" slicecount="1" visible="1" values="0.999">
   </PIN>
   <PIN pinname="Units" slicecount="1" values="||">
   </PIN>
   <PIN pinname="Precision" slicecount="1" values="4">
   </PIN>
   </NODE>
   <NODE systemname="GT (Value)" nodename="GT (Value)" componentmode="Hidden" id="144">
   <BOUNDS type="Node" left="6916" top="1421" width="100" height="100">
   </BOUNDS>
   <PIN pinname="Input 1" visible="1">
   </PIN>
   <PIN pinname="Input 2" visible="1">
   </PIN>
   <PIN pinname="Output" visible="1">
   </PIN>
   </NODE>
   <LINK srcnodeid="145" srcpinname="Y Output Value" dstnodeid="144" dstpinname="Input 1">
   </LINK>
   <LINK srcnodeid="143" srcpinname="Y Output Value" dstnodeid="144" dstpinname="Input 2">
   </LINK>
   <LINK srcnodeid="61" srcpinname="Output" dstnodeid="145" dstpinname="Y Input Value">
   </LINK>
   <NODE systemname="OR (Boolean)" nodename="OR (Boolean)" componentmode="Hidden" id="142">
   <BOUNDS type="Node" left="5467" top="1995" width="100" height="100">
   </BOUNDS>
   <PIN pinname="Input 1" visible="1">
   </PIN>
   <PIN pinname="Output" visible="1">
   </PIN>
   <PIN pinname="Input 2" visible="1" slicecount="1" values="1">
   </PIN>
   </NODE>
   <LINK srcnodeid="132" srcpinname="Output" dstnodeid="142" dstpinname="Input 1">
   </LINK>
   <LINK srcnodeid="142" srcpinname="Output" dstnodeid="99" dstpinname="Input">
   </LINK>
   <LINK srcnodeid="144" srcpinname="Output" dstnodeid="142" dstpinname="Input 2">
   </LINK>
   <NODE systemname="TogEdge (Animation)" nodename="TogEdge (Animation)" componentmode="Hidden" id="147">
   <BOUNDS type="Node" left="7385" top="2982" width="100" height="100">
   </BOUNDS>
   <PIN pinname="Up Edge" visible="1">
   </PIN>
   <PIN pinname="Input" visible="1">
   </PIN>
   </NODE>
   <NODE systemname="Toggle (Animation)" nodename="Toggle (Animation)" componentmode="Hidden" id="148">
   <BOUNDS type="Node" left="7392" top="3619" width="100" height="100">
   </BOUNDS>
   <PIN pinname="Input" visible="1">
   </PIN>
   <PIN pinname="Output" visible="1">
   </PIN>
   </NODE>
   <LINK srcnodeid="147" srcpinname="Up Edge" dstnodeid="148" dstpinname="Input">
   </LINK>
   <LINK srcnodeid="148" srcpinname="Output" dstnodeid="100" dstpinname="Y Input Value">
   </LINK>
   <LINK srcnodeid="141" srcpinname="Left Button" dstnodeid="147" dstpinname="Input">
   </LINK>
   <NODE systemname="Delay (Animation)" nodename="Delay (Animation)" componentmode="Hidden" id="150">
   <BOUNDS type="Node" left="6629" top="5530" width="100" height="100">
   </BOUNDS>
   <PIN pinname="Input" visible="1">
   </PIN>
   <PIN pinname="Output" visible="1">
   </PIN>
   </NODE>
   <LINK srcnodeid="100" srcpinname="Y Output Value" dstnodeid="150" dstpinname="Input">
   </LINK>
   <LINK srcnodeid="150" srcpinname="Output" dstnodeid="61" dstpinname="Reverse">
   </LINK>
   <NODE systemname="Timeliner (Animation)" filename="%VVVV%\lib\nodes\plugins\Timeliner.dll" nodename="Timeliner (Animation)" componentmode="InAWindow" id="182">
   <BOUNDS type="Node" left="9961" top="1785" width="100" height="100">
   </BOUNDS>
   <BOUNDS type="Box" left="9961" top="1785" width="2800" height="1400">
   </BOUNDS>
   <BOUNDS type="Window" left="1148" top="7728" width="8162" height="4102">
   </BOUNDS>
   <PIN pinname="Translate" slicecount="1" values="0">
   </PIN>
   <PIN pinname="Scale" slicecount="1" values="50">
   </PIN>
   <PIN pinname="Pin Settings" slicecount="1" values="|&lt;PIN Name=&quot;Ruler0&quot; Type=&quot;Ruler&quot; SliceCount=&quot;0&quot; Height=&quot;40&quot; Parent=&quot;0&quot; /&gt;|">
   </PIN>
   </NODE>
   <NODE systemname="Blend (EX9.RenderState)" nodename="Blend (EX9.RenderState)" componentmode="Hidden" id="234">
   <BOUNDS type="Node" left="959" top="8820" width="100" height="100">
   </BOUNDS>
   <PIN pinname="Render State Out" visible="1">
   </PIN>
   <PIN pinname="Draw Mode" slicecount="1" values="Blend">
   </PIN>
   </NODE>
   <NODE systemname="Quad (DX9)" nodename="Quad (DX9)" componentmode="Hidden" id="233">
   <BOUNDS type="Node" left="2037" top="9219" width="100" height="100">
   </BOUNDS>
   <PIN pinname="Layer" visible="1">
   </PIN>
   <PIN pinname="Transform" visible="1">
   </PIN>
   <PIN pinname="Render State" visible="1">
   </PIN>
   <PIN pinname="Texture" visible="1" slicecount="1" values="||">
   </PIN>
   <PIN pinname="Color" visible="1" slicecount="1" values="|1.00000,-1.41000,0.42677,0.53000|">
   </PIN>
   </NODE>
   <NODE systemname="Transform (Transform 2d Vector)" nodename="Transform (Transform 2d Vector)" componentmode="Hidden" id="232">
   <BOUNDS type="Node" left="2058" top="7497" width="100" height="100">
   </BOUNDS>
   <PIN pinname="Transform Out" visible="1">
   </PIN>
   <PIN pinname="TranslateXY" visible="1" slicecount="2" values="0,0">
   </PIN>
   <PIN pinname="ScaleXY" visible="1" slicecount="1" values="0.99523323542919">
   </PIN>
   <PIN pinname="Rotate" slicecount="1" values="0">
   </PIN>
   </NODE>
   <LINK srcnodeid="232" srcpinname="Transform Out" dstnodeid="233" dstpinname="Transform">
   </LINK>
   <LINK srcnodeid="234" srcpinname="Render State Out" dstnodeid="233" dstpinname="Render State">
   </LINK>
   <NODE nodename="IOBox (Color)" componentmode="InABox" id="242" systemname="IOBox (Color)">
   <BOUNDS type="Box" left="4921" top="8094" width="405" height="390">
   </BOUNDS>
   <BOUNDS type="Node" left="4921" top="8094" width="0" height="0">
   </BOUNDS>
   <PIN pinname="Color Input" slicecount="1" visible="1" values="|0.92482,0.17575,0.19556,0.11000|">
   </PIN>
   <PIN pinname="Color Output" visible="1">
   </PIN>
   </NODE>
   <NODE systemname="HSV (Color Join)" nodename="HSV (Color Join)" componentmode="Hidden" id="241">
   <BOUNDS type="Node" left="5068" top="7343" width="100" height="100">
   </BOUNDS>
   <PIN pinname="Saturation" slicecount="1" values="2.41">
   </PIN>
   <PIN pinname="Output" visible="1">
   </PIN>
   <PIN pinname="Alpha" slicecount="1" values="0.53">
   </PIN>
   <PIN pinname="Hue" slicecount="1" values="0.51" visible="1">
   </PIN>
   </NODE>
   <LINK srcnodeid="241" srcpinname="Output" dstnodeid="242" dstpinname="Color Input">
   </LINK>
   <NODE systemname="Blend (EX9.RenderState)" nodename="Blend (EX9.RenderState)" componentmode="Hidden" id="240">
   <BOUNDS type="Node" left="3430" top="8953" width="100" height="100">
   </BOUNDS>
   <PIN pinname="Render State Out" visible="1">
   </PIN>
   <PIN pinname="Draw Mode" slicecount="1" values="Blend">
   </PIN>
   </NODE>
   <NODE systemname="Quad (DX9)" nodename="Quad (DX9)" componentmode="Hidden" id="239">
   <BOUNDS type="Node" left="4095" top="9212" width="100" height="100">
   </BOUNDS>
   <PIN pinname="Layer" visible="1">
   </PIN>
   <PIN pinname="Transform" visible="1">
   </PIN>
   <PIN pinname="Render State" visible="1">
   </PIN>
   <PIN pinname="Texture" visible="1" slicecount="1" values="||">
   </PIN>
   <PIN pinname="Color" visible="1">
   </PIN>
   </NODE>
   <NODE systemname="Transform (Transform 2d Vector)" nodename="Transform (Transform 2d Vector)" componentmode="Hidden" id="238">
   <BOUNDS type="Node" left="4116" top="7490" width="100" height="100">
   </BOUNDS>
   <PIN pinname="Transform Out" visible="1">
   </PIN>
   <PIN pinname="TranslateXY" visible="1" slicecount="2" values="0,0">
   </PIN>
   <PIN pinname="ScaleXY" visible="1" slicecount="1" values="0.99523323542919">
   </PIN>
   <PIN pinname="Rotate" slicecount="1" values="0">
   </PIN>
   </NODE>
   <LINK srcnodeid="238" srcpinname="Transform Out" dstnodeid="239" dstpinname="Transform">
   </LINK>
   <LINK srcnodeid="240" srcpinname="Render State Out" dstnodeid="239" dstpinname="Render State">
   </LINK>
   <LINK srcnodeid="242" srcpinname="Color Output" dstnodeid="239" dstpinname="Color">
   </LINK>
   <NODE nodename="IOBox (Color)" componentmode="InABox" id="248" systemname="IOBox (Color)">
   <BOUNDS type="Box" left="6860" top="7800" width="405" height="390">
   </BOUNDS>
   <BOUNDS type="Node" left="6860" top="7800" width="0" height="0">
   </BOUNDS>
   <PIN pinname="Color Input" slicecount="1" visible="1" values="|0.92482,0.17575,0.19556,0.11000|">
   </PIN>
   <PIN pinname="Color Output" visible="1">
   </PIN>
   </NODE>
   <NODE systemname="HSV (Color Join)" nodename="HSV (Color Join)" componentmode="Hidden" id="247">
   <BOUNDS type="Node" left="6874" top="7315" width="100" height="100">
   </BOUNDS>
   <PIN pinname="Saturation" slicecount="1" values="2.41">
   </PIN>
   <PIN pinname="Output" visible="1">
   </PIN>
   <PIN pinname="Alpha" slicecount="1" values="0.53">
   </PIN>
   <PIN pinname="Hue" slicecount="1" values="0.51">
   </PIN>
   </NODE>
   <LINK srcnodeid="247" srcpinname="Output" dstnodeid="248" dstpinname="Color Input">
   </LINK>
   <NODE systemname="Blend (EX9.RenderState)" nodename="Blend (EX9.RenderState)" componentmode="Hidden" id="246">
   <BOUNDS type="Node" left="5285" top="9135" width="100" height="100">
   </BOUNDS>
   <PIN pinname="Render State Out" visible="1">
   </PIN>
   <PIN pinname="Draw Mode" slicecount="1" values="Blend">
   </PIN>
   </NODE>
   <NODE systemname="Quad (DX9)" nodename="Quad (DX9)" componentmode="Hidden" id="245">
   <BOUNDS type="Node" left="5901" top="9184" width="100" height="100">
   </BOUNDS>
   <PIN pinname="Layer" visible="1">
   </PIN>
   <PIN pinname="Transform" visible="1">
   </PIN>
   <PIN pinname="Render State" visible="1">
   </PIN>
   <PIN pinname="Texture" visible="1" slicecount="1" values="||">
   </PIN>
   <PIN pinname="Color" visible="1">
   </PIN>
   </NODE>
   <NODE systemname="Transform (Transform 2d Vector)" nodename="Transform (Transform 2d Vector)" componentmode="Hidden" id="244">
   <BOUNDS type="Node" left="5922" top="7462" width="100" height="100">
   </BOUNDS>
   <PIN pinname="Transform Out" visible="1">
   </PIN>
   <PIN pinname="TranslateXY" visible="1" slicecount="2" values="0,0">
   </PIN>
   <PIN pinname="ScaleXY" visible="1" slicecount="1" values="0.99523323542919">
   </PIN>
   <PIN pinname="Rotate" slicecount="1" values="0">
   </PIN>
   </NODE>
   <LINK srcnodeid="244" srcpinname="Transform Out" dstnodeid="245" dstpinname="Transform">
   </LINK>
   <LINK srcnodeid="246" srcpinname="Render State Out" dstnodeid="245" dstpinname="Render State">
   </LINK>
   <LINK srcnodeid="248" srcpinname="Color Output" dstnodeid="245" dstpinname="Color">
   </LINK>
   <LINK srcnodeid="233" srcpinname="Layer" dstnodeid="20" dstpinname="Layer 2">
   </LINK>
   <LINK srcnodeid="239" srcpinname="Layer" dstnodeid="20" dstpinname="Layer 3">
   </LINK>
   <LINK srcnodeid="245" srcpinname="Layer" dstnodeid="20" dstpinname="Layer 4">
   </LINK>
   <LINK srcnodeid="1" srcpinname="OutputXY" dstnodeid="232" dstpinname="TranslateXY">
   </LINK>
   <LINK srcnodeid="23" srcpinname="OutputXY" dstnodeid="238" dstpinname="TranslateXY">
   </LINK>
   <LINK srcnodeid="39" srcpinname="OutputXY" dstnodeid="244" dstpinname="TranslateXY">
   </LINK>
   <LINK srcnodeid="13" srcpinname="Y Output Value" dstnodeid="25" dstpinname="Y Input Value">
   </LINK>
   <LINK srcnodeid="13" srcpinname="Y Output Value" dstnodeid="41" dstpinname="Y Input Value">
   </LINK>
   <NODE nodename="IOBox (Color)" componentmode="InABox" id="261" systemname="IOBox (Color)">
   <BOUNDS type="Box" left="2926" top="8017" width="405" height="390">
   </BOUNDS>
   <BOUNDS type="Node" left="2926" top="8017" width="0" height="0">
   </BOUNDS>
   <PIN pinname="Color Input" slicecount="1" visible="1" values="|0.92482,0.17575,0.19556,0.11000|">
   </PIN>
   <PIN pinname="Color Output" visible="1">
   </PIN>
   </NODE>
   <NODE systemname="HSV (Color Join)" nodename="HSV (Color Join)" componentmode="Hidden" id="260">
   <BOUNDS type="Node" left="3073" top="7266" width="100" height="100">
   </BOUNDS>
   <PIN pinname="Saturation" slicecount="1" values="2.41">
   </PIN>
   <PIN pinname="Output" visible="1">
   </PIN>
   <PIN pinname="Alpha" slicecount="1" values="0.53">
   </PIN>
   <PIN pinname="Hue" slicecount="1" visible="1" values="0.51">
   </PIN>
   </NODE>
   <LINK srcnodeid="260" srcpinname="Output" dstnodeid="261" dstpinname="Color Input">
   </LINK>
   <LINK srcnodeid="261" srcpinname="Color Output" dstnodeid="233" dstpinname="Color">
   </LINK>
   <NODE systemname="Zip (Value)" filename="%VVVV%\lib\nodes\plugins\VVVV.Nodes.dll" nodename="Zip (Value)" componentmode="Hidden" id="271">
   <BOUNDS type="Node" left="679" top="4459" width="100" height="100">
   </BOUNDS>
   <PIN pinname="Input 1" visible="1">
   </PIN>
   <PIN pinname="Input Count" slicecount="1" values="3">
   </PIN>
   <PIN pinname="Input 2" visible="1">
   </PIN>
   <PIN pinname="Input 3" visible="1">
   </PIN>
   <PIN pinname="Output" visible="1">
   </PIN>
   </NODE>
   <LINK srcnodeid="46" srcpinname="Y Output Value" dstnodeid="271" dstpinname="Input 1">
   </LINK>
   <LINK srcnodeid="36" srcpinname="Y Output Value" dstnodeid="271" dstpinname="Input 2">
   </LINK>
   <LINK srcnodeid="38" srcpinname="Y Output Value" dstnodeid="271" dstpinname="Input 3">
   </LINK>
   <NODE systemname="GetSlice (Spreads)" nodename="GetSlice (Spreads)" componentmode="Hidden" id="273">
   <BOUNDS type="Node" left="469" top="7021" width="100" height="100">
   </BOUNDS>
   <PIN pinname="Input" visible="1">
   </PIN>
   <PIN pinname="Index" visible="1">
   </PIN>
   <PIN pinname="Output" visible="1">
   </PIN>
   </NODE>
   <LINK srcnodeid="271" srcpinname="Output" dstnodeid="273" dstpinname="Input">
   </LINK>
   <NODE systemname="Mod (Value)" nodename="Mod (Value)" componentmode="Hidden" id="275">
   <BOUNDS type="Node" left="1141" top="5957" width="100" height="100">
   </BOUNDS>
   <PIN pinname="Input 2" visible="1" slicecount="1" values="0.82">
   </PIN>
   <PIN pinname="Input 1" visible="1" slicecount="1" values="7">
   </PIN>
   <PIN pinname="Output" visible="1">
   </PIN>
   </NODE>
   <NODE nodename="IOBox (Value Advanced)" componentmode="InABox" id="277">
   <BOUNDS type="Box" left="1274" top="4893" width="693" height="210">
   </BOUNDS>
   <BOUNDS type="Node" left="1274" top="4893" width="0" height="0">
   </BOUNDS>
   <PIN pinname="Y Input Value" slicecount="1" visible="1" values="36">
   </PIN>
   <PIN pinname="Units" slicecount="1" values="||">
   </PIN>
   <PIN pinname="Precision" slicecount="1" values="4">
   </PIN>
   </NODE>
   <LINK srcnodeid="277" srcpinname="Y Output Value" dstnodeid="275" dstpinname="Input 2">
   </LINK>
   <LINK srcnodeid="61" srcpinname="Cycles" dstnodeid="275" dstpinname="Input 1">
   </LINK>
   <LINK srcnodeid="275" srcpinname="Output" dstnodeid="273" dstpinname="Index">
   <LINKPOINT x="1155" y="6993">
   </LINKPOINT>
   </LINK>
   <NODE nodename="IOBox (Value Advanced)" componentmode="InABox" id="279">
   <BOUNDS type="Box" left="511" top="7525" width="693" height="210">
   </BOUNDS>
   <BOUNDS type="Node" left="511" top="7525" width="0" height="0">
   </BOUNDS>
   <PIN pinname="Units" slicecount="1" values="||">
   </PIN>
   <PIN pinname="Precision" slicecount="1" values="4">
   </PIN>
   </NODE>
   <LINK srcnodeid="273" srcpinname="Output" dstnodeid="279" dstpinname="Y Input Value">
   </LINK>
   <NODE nodename="IOBox (Value Advanced)" componentmode="InABox" id="280">
   <BOUNDS type="Box" left="3990" top="6944" width="693" height="420">
   </BOUNDS>
   <BOUNDS type="Node" left="3990" top="6944" width="0" height="0">
   </BOUNDS>
   <PIN pinname="Y Input Value" slicecount="1" visible="1" values="0.05">
   </PIN>
   <PIN pinname="Units" slicecount="1" values="||">
   </PIN>
   <PIN pinname="Precision" slicecount="1" values="4">
   </PIN>
   <PIN pinname="Vector Size" slicecount="1" values="2">
   </PIN>
   <PIN pinname="Rows" slicecount="1" values="2">
   </PIN>
   <PIN pinname="Y Output Value" visible="1">
   </PIN>
   </NODE>
   <LINK srcnodeid="280" srcpinname="Y Output Value" dstnodeid="232" dstpinname="ScaleXY">
   </LINK>
   <LINK srcnodeid="280" srcpinname="Y Output Value" dstnodeid="238" dstpinname="ScaleXY">
   </LINK>
   <LINK srcnodeid="280" srcpinname="Y Output Value" dstnodeid="244" dstpinname="ScaleXY">
   </LINK>
   <NODE nodename="IOBox (Color)" componentmode="InABox" id="281">
   <BOUNDS type="Box" left="693" top="11564" width="1960" height="420">
   </BOUNDS>
   <BOUNDS type="Node" left="693" top="11564" width="0" height="0">
   </BOUNDS>
   <PIN pinname="Color Input" slicecount="1" visible="1" values="|1.00000,1.00000,1.00000,1.00000|">
   </PIN>
   </NODE>
   <LINK srcnodeid="281" srcpinname="Color Output" dstnodeid="15" dstpinname="Background Color">
   </LINK>
   <NODE id="152" systemname="Segment (EX9.Geometry 2d)" filename="%VVVV%\addonpack\lib\nodes\plugins\2dMeshNodes.dll" nodename="Segment (EX9.Geometry 2d)" componentmode="Hidden">
   <PIN pinname="Cycles" slicecount="1" values="1">
   </PIN>
   <BOUNDS type="Node" left="7294" top="7959" width="100" height="100">
   </BOUNDS>
   <PIN pinname="Output" visible="1">
   </PIN>
   <PIN pinname="Resolution" slicecount="1" values="25">
   </PIN>
   <PIN pinname="Inner Radius" slicecount="1" values="0">
   </PIN>
   <PIN pinname="Phase" slicecount="1" values="0.18">
   </PIN>
   <PIN pinname="Flat Texture" slicecount="1" values="1">
   </PIN>
   </NODE>
   <NODE id="290" systemname="HSV (Color Join)" nodename="HSV (Color Join)" componentmode="Hidden">
   <BOUNDS type="Node" left="8169" top="7959" width="100" height="100">
   </BOUNDS>
   <PIN pinname="Output" visible="1">
   </PIN>
   <PIN pinname="Hue" slicecount="1" values="0.38">
   </PIN>
   <PIN pinname="Saturation" slicecount="1" values="0.98">
   </PIN>
   <PIN pinname="Value" slicecount="1" values="0.77">
   </PIN>
   </NODE>
   <NODE id="200" nodename="IOBox (Value Advanced)" componentmode="InABox" systemname="IOBox (Value Advanced)">
   <BOUNDS type="Box" left="9107" top="7798" width="480" height="480">
   </BOUNDS>
   <BOUNDS type="Node" left="9107" top="7798" width="0" height="0">
   </BOUNDS>
   <PIN pinname="Y Input Value" slicecount="1" visible="1" values="0">
   </PIN>
   <PIN pinname="Units" slicecount="1" values="||">
   </PIN>
   <PIN pinname="Precision" slicecount="1" values="4">
   </PIN>
   <PIN pinname="Value Type" slicecount="1" values="Boolean">
   </PIN>
   <PIN pinname="Behavior" slicecount="1" values="Toggle">
   </PIN>
   <PIN pinname="X Input Value" slicecount="1" values="0">
   </PIN>
   </NODE>
   <NODE id="157" systemname="PhongDirectional (EX9.Effect)" filename="%VVVV%\lib\nodes\effects\PhongDirectional.fx" nodename="PhongDirectional (EX9.Effect)" componentmode="Hidden">
   <PIN pinname="Transform" slicecount="1" visible="1" values="||">
   </PIN>
   <BOUNDS type="Node" left="7133" top="8540" width="100" height="100">
   </BOUNDS>
   <PIN pinname="Layer" visible="1">
   </PIN>
   <PIN pinname="Mesh" visible="1">
   </PIN>
   <PIN pinname="Enabled" visible="1">
   </PIN>
   <PIN pinname="Texture" visible="1" slicecount="1" values="||">
   </PIN>
   <PIN pinname="Ambient Color" visible="1" slicecount="1" values="|0.15000,0.15000,0.15000,1.00000|">
   </PIN>
   </NODE>
   <LINK srcnodeid="290" srcpinname="Output" dstnodeid="157" dstpinname="Ambient Color">
   </LINK>
   <LINK srcnodeid="200" srcpinname="Y Output Value" dstnodeid="157" dstpinname="Enabled">
   </LINK>
   <LINK srcnodeid="152" srcpinname="Output" dstnodeid="157" dstpinname="Mesh">
   </LINK>
   <LINK srcnodeid="157" srcpinname="Layer" dstnodeid="20" dstpinname="Layer 7">
   </LINK>
   <NODE systemname="Elektricity (EX9.Texture Source)" filename="%VVVV%\addonpack\lib\nodes\modules\TextureFX\Source\Elektricity\Elektricity (EX9.Texture Source).v4p" nodename="Elektricity (EX9.Texture Source)" componentmode="Hidden" id="291">
   <BOUNDS type="Node" left="1988" top="8547" width="100" height="100">
   </BOUNDS>
   <PIN pinname="Output" visible="1">
   </PIN>
   <PIN pinname="Electricity Height" slicecount="1" values="1.81">
   </PIN>
   <PIN pinname="Glow Fall Off" slicecount="1" values="0.07">
   </PIN>
   <PIN pinname="Speed" slicecount="1" values="0.1">
   </PIN>
   <PIN pinname="Ambient Glow" slicecount="1" values="0.86">
   </PIN>
   <PIN pinname="Time" slicecount="1" visible="1" values="3.28">
   </PIN>
   </NODE>
   <LINK srcnodeid="291" srcpinname="Output" dstnodeid="233" dstpinname="Texture">
   </LINK>
   <NODE systemname="Elektricity (EX9.Texture Source)" filename="%VVVV%\addonpack\lib\nodes\modules\TextureFX\Source\Elektricity\Elektricity (EX9.Texture Source).v4p" nodename="Elektricity (EX9.Texture Source)" componentmode="Hidden" id="292">
   <BOUNDS type="Node" left="4102" top="8743" width="100" height="100">
   </BOUNDS>
   <PIN pinname="Output" visible="1">
   </PIN>
   <PIN pinname="Electricity Height" slicecount="1" values="1.81">
   </PIN>
   <PIN pinname="Glow Fall Off" slicecount="1" values="0.07">
   </PIN>
   <PIN pinname="Speed" slicecount="1" values="0.1">
   </PIN>
   <PIN pinname="Ambient Glow" slicecount="1" values="0.86">
   </PIN>
   <PIN pinname="Time" visible="1">
   </PIN>
   </NODE>
   <LINK srcnodeid="292" srcpinname="Output" dstnodeid="239" dstpinname="Texture">
   </LINK>
   <NODE systemname="Elektricity (EX9.Texture Source)" filename="%VVVV%\addonpack\lib\nodes\modules\TextureFX\Source\Elektricity\Elektricity (EX9.Texture Source).v4p" nodename="Elektricity (EX9.Texture Source)" componentmode="Hidden" id="293">
   <BOUNDS type="Node" left="6181" top="8876" width="100" height="100">
   </BOUNDS>
   <PIN pinname="Output" visible="1">
   </PIN>
   <PIN pinname="Electricity Height" slicecount="1" values="1.81">
   </PIN>
   <PIN pinname="Glow Fall Off" slicecount="1" values="0.07">
   </PIN>
   <PIN pinname="Speed" slicecount="1" values="0.1">
   </PIN>
   <PIN pinname="Ambient Glow" slicecount="1" values="1.07">
   </PIN>
   <PIN pinname="Electricity Color" slicecount="1" values="|0.83324,0.83324,0.83324,1.00000|">
   </PIN>
   <PIN pinname="Glow Strenght" slicecount="1" values="40.38">
   </PIN>
   <PIN pinname="Time" visible="1">
   </PIN>
   </NODE>
   <LINK srcnodeid="293" srcpinname="Output" dstnodeid="245" dstpinname="Texture">
   </LINK>
   <NODE systemname="LFO (Animation)" nodename="LFO (Animation)" componentmode="Hidden" id="297">
   <BOUNDS type="Node" left="1239" top="7952" width="100" height="100">
   </BOUNDS>
   <PIN pinname="Output" visible="1">
   </PIN>
   <PIN pinname="Period" slicecount="1" values="4.86">
   </PIN>
   </NODE>
   <NODE systemname="Damper (Animation)" nodename="Damper (Animation)" componentmode="Hidden" id="298">
   <BOUNDS type="Node" left="1316" top="8323" width="100" height="100">
   </BOUNDS>
   <PIN pinname="Position Out" visible="1">
   </PIN>
   <PIN pinname="Go To Position" visible="1">
   </PIN>
   </NODE>
   <LINK srcnodeid="298" srcpinname="Position Out" dstnodeid="291" dstpinname="Time">
   </LINK>
   <LINK srcnodeid="297" srcpinname="Output" dstnodeid="298" dstpinname="Go To Position">
   </LINK>
   <NODE systemname="LFO (Animation)" nodename="LFO (Animation)" componentmode="Hidden" id="300">
   <BOUNDS type="Node" left="3416" top="7777" width="100" height="100">
   </BOUNDS>
   <PIN pinname="Output" visible="1">
   </PIN>
   <PIN pinname="Period" slicecount="1" values="4.86">
   </PIN>
   </NODE>
   <NODE systemname="Damper (Animation)" nodename="Damper (Animation)" componentmode="Hidden" id="299">
   <BOUNDS type="Node" left="3493" top="8148" width="100" height="100">
   </BOUNDS>
   <PIN pinname="Position Out" visible="1">
   </PIN>
   <PIN pinname="Go To Position" visible="1">
   </PIN>
   </NODE>
   <LINK srcnodeid="300" srcpinname="Output" dstnodeid="299" dstpinname="Go To Position">
   </LINK>
   <LINK srcnodeid="299" srcpinname="Position Out" dstnodeid="292" dstpinname="Time">
   </LINK>
   <NODE systemname="LFO (Animation)" nodename="LFO (Animation)" componentmode="Hidden" id="302">
   <BOUNDS type="Node" left="6083" top="7896" width="100" height="100">
   </BOUNDS>
   <PIN pinname="Output" visible="1">
   </PIN>
   <PIN pinname="Period" slicecount="1" values="4.86">
   </PIN>
   </NODE>
   <NODE systemname="Damper (Animation)" nodename="Damper (Animation)" componentmode="Hidden" id="301">
   <BOUNDS type="Node" left="6160" top="8267" width="100" height="100">
   </BOUNDS>
   <PIN pinname="Position Out" visible="1">
   </PIN>
   <PIN pinname="Go To Position" visible="1">
   </PIN>
   </NODE>
   <LINK srcnodeid="302" srcpinname="Output" dstnodeid="301" dstpinname="Go To Position">
   </LINK>
   <LINK srcnodeid="301" srcpinname="Position Out" dstnodeid="293" dstpinname="Time">
   </LINK>
   </PATCH>