<!DOCTYPE PATCH  SYSTEM "http://vvvv.org/versions/vvvv50beta35.7.dtd" >
   <PATCH nodename="C:\Users\Tang Cam Hong Pham\Desktop\FREIRAUM\V4 Prototyp\fr_baum.v4p" scrollx="1074" scrolly="1071" systemname="testuu" filename="C:\Users\Tang Cam Hong Pham\Desktop\VVVV\vvvv_50beta35.5_x86\testuu.v4p">
   <BOUNDS type="Window" left="2016" top="609" width="10234" height="12117">
   </BOUNDS>
   <NODE systemname="Group (EX9)" nodename="Group (EX9)" componentmode="Hidden" id="20">
   <BOUNDS type="Node" left="1040" top="8406" width="6356" height="252">
   </BOUNDS>
   <PIN pinname="Layer 1" visible="1" slicecount="1" values="||">
   </PIN>
   <PIN pinname="Layer 2" visible="1" slicecount="1" values="||">
   </PIN>
   <PIN pinname="Layer Template Count" slicecount="1" values="8">
   </PIN>
   <PIN pinname="Layer 3" visible="1" slicecount="1" values="||">
   </PIN>
   <PIN pinname="Layer" visible="1">
   </PIN>
   <PIN pinname="Layer 8" visible="1">
   </PIN>
   <PIN pinname="Layer 4" visible="1" slicecount="1" values="||">
   </PIN>
   <PIN pinname="Layer 5" visible="1" slicecount="1" values="||">
   </PIN>
   <PIN pinname="Layer 6" visible="1" slicecount="1" values="||">
   </PIN>
   <PIN pinname="Layer 7" visible="1" slicecount="1" values="||">
   </PIN>
   </NODE>
   <NODE systemname="AspectRatio (Transform)" nodename="AspectRatio (Transform)" componentmode="Hidden" id="12">
   <BOUNDS type="Node" left="6514" top="11470" width="100" height="100">
   </BOUNDS>
   <PIN pinname="Aspect Width" visible="1" slicecount="1" values="1269">
   </PIN>
   <PIN pinname="Aspect Height" visible="1" slicecount="1" values="1018">
   </PIN>
   <PIN pinname="Transform Out" visible="1">
   </PIN>
   </NODE>
   <NODE systemname="Cursor (DX9)" filename="%VVVV%\lib\packs\VL.EditingFramework.0.49.229-g30fb9f349f\vvvv\nodes\modules\DX9\Cursor (DX9).v4p" nodename="Cursor (DX9)" componentmode="Hidden" id="22">
   <BOUNDS type="Node" left="6545" top="7945" width="100" height="100">
   </BOUNDS>
   <PIN pinname="Layer" visible="1">
   </PIN>
   </NODE>
   <LINK srcnodeid="22" srcpinname="Layer" dstnodeid="20" dstpinname="Layer 8">
   </LINK>
   <PACK Name="addonpack" Version="35.0.0">
   </PACK>
   <NODE nodename="IOBox (Color)" componentmode="InABox" id="281">
   <BOUNDS type="Box" left="1946" top="10143" width="364" height="448">
   </BOUNDS>
   <BOUNDS type="Node" left="1946" top="10143" width="0" height="0">
   </BOUNDS>
   <PIN pinname="Color Input" slicecount="1" visible="1" values="|1.00000,1.00000,1.00000,1.00000|">
   </PIN>
   </NODE>
   <NODE systemname="HitTest (2d Segment)" filename="%VVVV%\addonpack\lib\nodes\plugins\HitTest2dNodes.dll" nodename="HitTest (2d Segment)" componentmode="Hidden" id="334">
   <BOUNDS type="Node" left="9996" top="7378" width="100" height="100">
   </BOUNDS>
   <PIN pinname="PointsXY" visible="1" slicecount="1" values="0">
   </PIN>
   <PIN pinname="Object Hit" visible="1">
   </PIN>
   <PIN pinname="Transform In" visible="1" slicecount="1" values="||">
   </PIN>
   </NODE>
   <NODE nodename="IOBox (Value Advanced)" componentmode="InABox" id="336">
   <BOUNDS type="Box" left="10640" top="7861" width="480" height="480">
   </BOUNDS>
   <BOUNDS type="Node" left="10640" top="7861" width="0" height="0">
   </BOUNDS>
   <PIN pinname="Y Input Value" slicecount="1" visible="1" values="0">
   </PIN>
   <PIN pinname="Units" slicecount="1" values="||">
   </PIN>
   <PIN pinname="Precision" slicecount="1" values="4">
   </PIN>
   <PIN pinname="Value Type" slicecount="1" values="Boolean">
   </PIN>
   <PIN pinname="Behavior" slicecount="1" values="Press">
   </PIN>
   <PIN pinname="X Input Value" slicecount="1" values="0">
   </PIN>
   <PIN pinname="Y Output Value" visible="1">
   </PIN>
   </NODE>
   <LINK srcnodeid="334" srcpinname="Object Hit" dstnodeid="336" dstpinname="Y Input Value">
   </LINK>
   <NODE nodename="IOBox (Value Advanced)" componentmode="InABox" id="339">
   <BOUNDS type="Box" left="11361" top="7854" width="483" height="483">
   </BOUNDS>
   <BOUNDS type="Node" left="11361" top="7854" width="0" height="0">
   </BOUNDS>
   <PIN pinname="Units" slicecount="1" values="||">
   </PIN>
   <PIN pinname="Precision" slicecount="1" values="4">
   </PIN>
   <PIN pinname="Value Type" slicecount="1" values="Boolean">
   </PIN>
   <PIN pinname="Behavior" slicecount="1" values="Toggle">
   </PIN>
   <PIN pinname="Y Output Value" visible="1">
   </PIN>
   <PIN pinname="Y Input Value" visible="1">
   </PIN>
   </NODE>
   <NODE systemname="AND (Boolean)" nodename="AND (Boolean)" componentmode="Hidden" id="340">
   <BOUNDS type="Node" left="10633" top="8561" width="100" height="100">
   </BOUNDS>
   <PIN pinname="Input 2" visible="1">
   </PIN>
   <PIN pinname="Input 1" visible="1">
   </PIN>
   <PIN pinname="Output" visible="1">
   </PIN>
   </NODE>
   <LINK srcnodeid="339" srcpinname="Y Output Value" dstnodeid="340" dstpinname="Input 2">
   </LINK>
   <LINK srcnodeid="336" srcpinname="Y Output Value" dstnodeid="340" dstpinname="Input 1">
   </LINK>
   <NODE systemname="Switch (Value Input)" nodename="Switch (Value Input)" componentmode="Hidden" id="342">
   <BOUNDS type="Node" left="10640" top="9345" width="100" height="100">
   </BOUNDS>
   <PIN pinname="Switch" visible="1" slicecount="1" values="0.444479483419763">
   </PIN>
   <PIN pinname="Input 1" visible="1">
   </PIN>
   <PIN pinname="Input 2" visible="1" slicecount="1" values="0">
   </PIN>
   <PIN pinname="Output" visible="1">
   </PIN>
   </NODE>
   <NODE nodename="IOBox (Value Advanced)" componentmode="InABox" id="344">
   <BOUNDS type="Box" left="10892" top="8960" width="693" height="210">
   </BOUNDS>
   <BOUNDS type="Node" left="10892" top="8960" width="0" height="0">
   </BOUNDS>
   <PIN pinname="Y Input Value" slicecount="1" visible="1" values="0.6">
   </PIN>
   <PIN pinname="Units" slicecount="1" values="||">
   </PIN>
   <PIN pinname="Precision" slicecount="1" values="4">
   </PIN>
   </NODE>
   <LINK srcnodeid="344" srcpinname="Y Output Value" dstnodeid="342" dstpinname="Input 1">
   </LINK>
   <NODE nodename="IOBox (Value Advanced)" componentmode="InABox" id="345">
   <BOUNDS type="Box" left="11690" top="8939" width="693" height="210">
   </BOUNDS>
   <BOUNDS type="Node" left="11690" top="8939" width="0" height="0">
   </BOUNDS>
   <PIN pinname="Y Input Value" slicecount="1" visible="1" values="2">
   </PIN>
   <PIN pinname="Units" slicecount="1" values="||">
   </PIN>
   <PIN pinname="Precision" slicecount="1" values="4">
   </PIN>
   <PIN pinname="Y Output Value" visible="1">
   </PIN>
   </NODE>
   <LINK srcnodeid="340" srcpinname="Output" dstnodeid="342" dstpinname="Switch">
   </LINK>
   <LINK srcnodeid="345" srcpinname="Y Output Value" dstnodeid="342" dstpinname="Input 2" linkstyle="VHV">
   <LINKPOINT x="11690" y="9251">
   </LINKPOINT>
   <LINKPOINT x="11200" y="9251">
   </LINKPOINT>
   </LINK>
   <NODE systemname="Mouse (Devices Window)" filename="%VVVV%\lib\nodes\plugins\VVVV.Nodes.dll" nodename="Mouse (Devices Window)" componentmode="Hidden" id="398">
   <BOUNDS type="Node" left="10479" top="5985" width="100" height="100">
   </BOUNDS>
   <BOUNDS type="Box" left="10479" top="5985" width="1400" height="1400">
   </BOUNDS>
   <PIN pinname="PositionXY" visible="1">
   </PIN>
   <PIN pinname="Left Button" visible="1">
   </PIN>
   </NODE>
   <NODE nodename="IOBox (Value Advanced)" componentmode="InABox" id="412">
   <BOUNDS type="Box" left="10297" top="6503" width="693" height="420">
   </BOUNDS>
   <BOUNDS type="Node" left="10297" top="6503" width="0" height="0">
   </BOUNDS>
   <PIN pinname="Units" slicecount="1" values="||">
   </PIN>
   <PIN pinname="Precision" slicecount="1" values="4">
   </PIN>
   <PIN pinname="Vector Size" slicecount="1" values="2">
   </PIN>
   <PIN pinname="Rows" slicecount="1" values="2">
   </PIN>
   <PIN pinname="Y Output Value" visible="1">
   </PIN>
   </NODE>
   <LINK srcnodeid="398" srcpinname="PositionXY" dstnodeid="412" dstpinname="Y Input Value">
   </LINK>
   <LINK srcnodeid="412" srcpinname="Y Output Value" dstnodeid="334" dstpinname="PointsXY">
   </LINK>
   <NODE nodename="IOBox (Value Advanced)" componentmode="InABox" id="413">
   <BOUNDS type="Box" left="12621" top="7707" width="448" height="497">
   </BOUNDS>
   <BOUNDS type="Node" left="12621" top="7707" width="0" height="0">
   </BOUNDS>
   <PIN pinname="Units" slicecount="1" values="||">
   </PIN>
   <PIN pinname="Precision" slicecount="1" values="4">
   </PIN>
   <PIN pinname="Value Type" slicecount="1" values="Boolean">
   </PIN>
   <PIN pinname="Behavior" slicecount="1" values="Toggle">
   </PIN>
   <PIN pinname="Rows" slicecount="1" values="1">
   </PIN>
   </NODE>
   <LINK srcnodeid="334" srcpinname="Object Hit" dstnodeid="413" dstpinname="Y Input Value">
   </LINK>
   <NODE systemname="GetSlice (Spreads)" nodename="GetSlice (Spreads)" componentmode="Hidden" id="415">
   <BOUNDS type="Node" left="8120" top="5999" width="100" height="100">
   </BOUNDS>
   <PIN pinname="Input" visible="1" slicecount="34" values="0,0,0,0,1,0,1,0,0,1,1,1,1,1,1,0,1,1,0,1,0,1,-1,0,-1,1,-1,0,-1,-1,-1,0,-1,0">
   </PIN>
   <PIN pinname="Bin Size" slicecount="1" values="2">
   </PIN>
   <PIN pinname="Output" visible="1">
   </PIN>
   <PIN pinname="Index" slicecount="1" visible="1" values="1">
   </PIN>
   </NODE>
   <NODE nodename="IOBox (Value Advanced)" componentmode="InABox" id="419">
   <BOUNDS type="Box" left="7315" top="6286" width="763" height="511">
   </BOUNDS>
   <BOUNDS type="Node" left="7315" top="6286" width="0" height="0">
   </BOUNDS>
   <PIN pinname="Units" slicecount="1" values="||">
   </PIN>
   <PIN pinname="Precision" slicecount="1" values="4">
   </PIN>
   <PIN pinname="Rows" slicecount="1" values="2">
   </PIN>
   <PIN pinname="Y Output Value" visible="1">
   </PIN>
   </NODE>
   <LINK srcnodeid="415" srcpinname="Output" dstnodeid="419" dstpinname="Y Input Value">
   </LINK>
   <NODE nodename="IOBox (Value Advanced)" componentmode="InABox" id="423">
   <BOUNDS type="Box" left="8701" top="4837" width="693" height="210">
   </BOUNDS>
   <BOUNDS type="Node" left="8701" top="4837" width="0" height="0">
   </BOUNDS>
   <PIN pinname="Y Input Value" slicecount="1" visible="1" values="1">
   </PIN>
   <PIN pinname="Units" slicecount="1" values="||">
   </PIN>
   <PIN pinname="Precision" slicecount="1" values="4">
   </PIN>
   <PIN pinname="Value Type" slicecount="1" values="Integer">
   </PIN>
   </NODE>
   <LINK srcnodeid="423" srcpinname="Y Output Value" dstnodeid="415" dstpinname="Index">
   </LINK>
   <NODE systemname="Vector (2d Split)" nodename="Vector (2d Split)" componentmode="Hidden" id="426">
   <BOUNDS type="Node" left="7399" top="6846" width="100" height="100">
   </BOUNDS>
   <PIN pinname="XY" visible="1">
   </PIN>
   <PIN pinname="X" visible="1">
   </PIN>
   <PIN pinname="Y" visible="1">
   </PIN>
   </NODE>
   <LINK srcnodeid="419" srcpinname="Y Output Value" dstnodeid="426" dstpinname="XY">
   </LINK>
   <NODE systemname="Transform (Transform 2d)" nodename="Transform (Transform 2d)" componentmode="Hidden" id="427">
   <BOUNDS type="Node" left="7497" top="7259" width="100" height="100">
   </BOUNDS>
   <PIN pinname="TranslateX" visible="1">
   </PIN>
   <PIN pinname="TranslateY" visible="1">
   </PIN>
   <PIN pinname="Transform Out" visible="1">
   </PIN>
   </NODE>
   <LINK srcnodeid="426" srcpinname="X" dstnodeid="427" dstpinname="TranslateX">
   </LINK>
   <LINK srcnodeid="426" srcpinname="Y" dstnodeid="427" dstpinname="TranslateY">
   </LINK>
   <LINK srcnodeid="427" srcpinname="Transform Out" dstnodeid="334" dstpinname="Transform In">
   </LINK>
   <NODE systemname="GetSlice (Spreads)" nodename="GetSlice (Spreads)" componentmode="Hidden" id="439">
   <BOUNDS type="Node" left="3360" top="4410" width="100" height="100">
   </BOUNDS>
   <PIN pinname="Input" visible="1" slicecount="54" values="0.612648221343874,0.493524137931034,0.559288537549408,0.0376245210727967,0.323200953635736,0.258962569997053,0.201581027667985,0.112337164750959,0.0217391304347832,0.430344827586208,0.411067193675889,0.579770114942528,0.353754940711463,0.763678160919542,0.031620553359684,0.574022988505748,0.064307673003326,0.822180960801651,0.713438735177866,0.903524904214561,1.01581027667984,1.08551724137931,1.03466340422862,1.31451812555261,0.646245059288538,1.21578544061303,0.810276679841897,1.44061302681992,0.333992094861661,1.00122605363985,0.239130434782608,1.09318007662836,0.250988142292491,1.29432950191571,0.603833364702931,1.49076333628058,1.69762845849803,0.893946360153263,1.44071146245059,0.999310344827586,1.45,1.27,1.67984189723321,1.32114942528736,1.88537549407114,0.961685823754784,1.90513833992095,1.30582375478927,2.16996047430831,0.911187739463607,2.18577075098815,1.05678160919541,2.08209423426814,1.23405835543767">
   </PIN>
   <PIN pinname="Index" visible="1" slicecount="1" values="2">
   </PIN>
   <PIN pinname="Bin Size" slicecount="1" values="2">
   </PIN>
   <PIN pinname="Output" visible="1">
   </PIN>
   </NODE>
   <NODE nodename="IOBox (Value Advanced)" componentmode="InABox" id="440">
   <BOUNDS type="Box" left="4018" top="3815" width="693" height="210">
   </BOUNDS>
   <BOUNDS type="Node" left="4018" top="3815" width="0" height="0">
   </BOUNDS>
   <PIN pinname="Units" slicecount="1" values="||">
   </PIN>
   <PIN pinname="Precision" slicecount="1" values="4">
   </PIN>
   <PIN pinname="Value Type" slicecount="1" values="Integer">
   </PIN>
   <PIN pinname="Y Output Value" visible="1">
   </PIN>
   </NODE>
   <NODE systemname="Gradient (EX9.Texture Source)" filename="%VVVV%\addonpack\lib\nodes\modules\TextureFX\Source\Gradient\Gradient (EX9.Texture Source).v4p" nodename="Gradient (EX9.Texture Source)" componentmode="Hidden" id="452">
   <BOUNDS type="Node" left="357" top="6790" width="100" height="100">
   </BOUNDS>
   <PIN pinname="Output" visible="1">
   </PIN>
   <PIN pinname="Mode" slicecount="1" values="Radial">
   </PIN>
   <PIN pinname="Color A" slicecount="1" values="|1.00000,1.00000,1.00000,1.00000|">
   </PIN>
   <PIN pinname="Color B" slicecount="1" values="|0.84714,0.84714,0.84714,1.00000|">
   </PIN>
   </NODE>
   <NODE systemname="FullscreenQuad (DX9)" filename="%VVVV%\addonpack\lib\nodes\modules\TextureFX\misc\FullscreenQuad (DX9).v4p" nodename="FullscreenQuad (DX9)" componentmode="Hidden" id="454">
   <BOUNDS type="Node" left="483" top="7301" width="100" height="100">
   </BOUNDS>
   <PIN pinname="Layer" visible="1">
   </PIN>
   <PIN pinname="Texture" visible="1">
   </PIN>
   </NODE>
   <LINK srcnodeid="454" srcpinname="Layer" dstnodeid="20" dstpinname="Layer 1">
   </LINK>
   <LINK srcnodeid="452" srcpinname="Output" dstnodeid="454" dstpinname="Texture">
   </LINK>
   <LINK srcnodeid="398" srcpinname="Left Button" dstnodeid="339" dstpinname="Y Input Value">
   </LINK>
   <LINK srcnodeid="440" srcpinname="Y Output Value" dstnodeid="439" dstpinname="Index">
   </LINK>
   <NODE systemname="Camera (Transform 2d)" filename="%VVVV%\lib\packs\VL.EditingFramework.0.55.10-g8ce245eb4e\vvvv\nodes\modules\Camera (Transform 2d).v4p" nodename="Camera (Transform 2d)" componentmode="Hidden" id="464">
   <BOUNDS type="Node" left="6013" top="9569" width="100" height="100">
   </BOUNDS>
   <PIN pinname="View" visible="1">
   </PIN>
   <PIN pinname="Initial Zoom" slicecount="1" visible="1" values="0.99">
   </PIN>
   </NODE>
   <LINK srcnodeid="342" srcpinname="Output" dstnodeid="464" dstpinname="Initial Zoom">
   </LINK>
   <NODE systemname="leafscale" filename="leafscale.v4p" nodename="leafscale.v4p" componentmode="Hidden" id="490">
   <BOUNDS type="Node" left="3199" top="5180" width="100" height="100">
   </BOUNDS>
   <BOUNDS type="Window" left="1050" top="4585" width="8995" height="5999">
   </BOUNDS>
   <PIN pinname="Output" visible="1">
   </PIN>
   <PIN pinname="Y Input Value" visible="1">
   </PIN>
   <PIN pinname="Reset" visible="1">
   </PIN>
   <PIN pinname="Stoploop" visible="1" slicecount="1" values="0">
   </PIN>
   <PIN pinname="Resetloop" visible="1">
   </PIN>
   <PIN pinname="Input - R" visible="1">
   </PIN>
   </NODE>
   <NODE id="15" stayontop="1" componentmode="InAWindow" systemname="Renderer (EX9)" nodename="Renderer (EX9)">
   <BOUNDS type="Window" left="11277" top="0" width="9065" height="7623">
   </BOUNDS>
   <PIN pinname="View" visible="1" slicecount="1" values="||">
   </PIN>
   <PIN pinname="Projection" visible="1" slicecount="1" values="||">
   </PIN>
   <BOUNDS type="Node" left="1047" top="11051" width="4067" height="252">
   </BOUNDS>
   <BOUNDS type="Box" left="1047" top="11051" width="2400" height="1800">
   </BOUNDS>
   <PIN pinname="Layers" visible="1">
   </PIN>
   <PIN pinname="Actual Backbuffer Width" visible="1">
   </PIN>
   <PIN pinname="Actual Backbuffer Height" visible="1">
   </PIN>
   <PIN pinname="Aspect Ratio" visible="1">
   </PIN>
   <PIN pinname="Background Color" visible="1" slicecount="1" values="|0.00000,0.00000,0.00000,1.00000|">
   </PIN>
   <PIN pinname="EX9 Out" visible="1">
   </PIN>
   </NODE>
   <LINK srcnodeid="464" srcpinname="View" dstnodeid="15" dstpinname="View">
   </LINK>
   <LINK srcnodeid="281" srcpinname="Color Output" dstnodeid="15" dstpinname="Background Color">
   </LINK>
   <LINK srcnodeid="12" srcpinname="Transform Out" dstnodeid="15" dstpinname="Aspect Ratio" linkstyle="VHV">
   <LINKPOINT x="6529" y="11386">
   </LINKPOINT>
   <LINKPOINT x="5105" y="11386">
   </LINKPOINT>
   </LINK>
   <LINK srcnodeid="15" srcpinname="Actual Backbuffer Height" dstnodeid="12" dstpinname="Aspect Height" linkstyle="VHV">
   <LINKPOINT x="4601" y="11386">
   </LINKPOINT>
   <LINKPOINT x="6956" y="11386">
   </LINKPOINT>
   </LINK>
   <LINK srcnodeid="15" srcpinname="Actual Backbuffer Width" dstnodeid="12" dstpinname="Aspect Width" linkstyle="VHV">
   <LINKPOINT x="4104" y="11386">
   </LINKPOINT>
   <LINKPOINT x="6739" y="11386">
   </LINKPOINT>
   </LINK>
   <LINK srcnodeid="20" srcpinname="Layer" dstnodeid="15" dstpinname="Layers" linkstyle="Bezier">
   <LINKPOINT x="1076" y="9853">
   </LINKPOINT>
   <LINKPOINT x="1066" y="9853">
   </LINKPOINT>
   </LINK>
   <NODE nodename="IOBox (String)" componentmode="InABox" id="493">
   <BOUNDS type="Node" left="378" top="483" width="882" height="210">
   </BOUNDS>
   <BOUNDS type="Box" left="378" top="483" width="1554" height="385">
   </BOUNDS>
   <PIN pinname="Input String" visible="0" slicecount="1" values="|Tree _root|">
   </PIN>
   <PIN pinname="Output String" visible="0">
   </PIN>
   <PIN pinname="Show Grid" slicecount="1" values="0">
   </PIN>
   <PIN pinname="String Type" slicecount="1" values="MultiLine">
   </PIN>
   <PIN pinname="Size" slicecount="1" values="12">
   </PIN>
   </NODE>
   <NODE systemname="flowerfruitcoord" filename="flowerfruitcoord.v4p" nodename="flowerfruitcoord.v4p" componentmode="InAWindow" id="438">
   <BOUNDS type="Node" left="4557" top="3269" width="100" height="100">
   </BOUNDS>
   <BOUNDS type="Window" left="6657" top="2968" width="8995" height="5999">
   </BOUNDS>
   <PIN pinname="Output" visible="1">
   </PIN>
   </NODE>
   <LINK srcnodeid="438" srcpinname="Output" dstnodeid="415" dstpinname="Input" linkstyle="VHV">
   <LINKPOINT x="4795" y="4809">
   </LINKPOINT>
   <LINKPOINT x="7938" y="4704">
   </LINKPOINT>
   </LINK>
   <NODE id="303" componentmode="Hidden" systemname="leaf" filename="leaf.v4p" nodename="leaf.v4p" hiddenwhenlocked="0" managers="">
   <BOUNDS type="Window" left="3556" top="1645" width="8995" height="10234">
   </BOUNDS>
   <PIN pinname="Layer" visible="1" slicecount="1" values="||">
   </PIN>
   <PIN pinname="TranslateXY" visible="1" slicecount="54" values="0.689723320158103,0.441839080459772,0.470355731225297,0.210038314176245,0.323200953635736,0.258962569997053,0.557312252964428,0.451417624521074,0.128458498023716,0.395862068965518,0.41699604743083,0.533793103448275,0.389328063241107,0.683218390804599,0.031620553359684,0.574022988505748,0.105809649287911,0.735974064249927,0.74308300395257,0.86329501915709,1.01581027667984,1.08551724137931,0.821224669050756,1.23980548187445,0.652173913043479,1.21578544061303,0.620553359683794,0.923371647509574,0.452569169960475,0.932260536398465,0.351778656126482,1.06444444444445,0.32806324110672,1.24835249042146,0.603833364702931,1.49076333628058,1.73715415019763,0.74068965517242,1.4802371541502,0.970574712643678,1.57221281134325,1.14402004126142,1.69960474308301,1.26367816091954,1.77667984189723,0.885057471264363,1.90513833992095,1.30582375478927,1.96245059288538,0.939923371647515,2.13636363636364,1.0280459770115,2.10185708011795,1.21490126731506">
   </PIN>
   <PIN pinname="Transform In" visible="1" slicecount="1" values="||">
   </PIN>
   <BOUNDS type="Node" left="3115" top="6909" width="100" height="100">
   </BOUNDS>
   <PIN pinname="Rotate" slicecount="1" visible="1" values="-0.99">
   </PIN>
   <PIN pinname="ScaleXY" visible="1" slicecount="1" values="1.11145438928827">
   </PIN>
   <PIN pinname="XYZ" visible="1" slicecount="3" values="0,0,0">
   </PIN>
   <BOUNDS type="Box" left="1155" top="0" width="4800" height="3600">
   </BOUNDS>
   <PIN pinname="Descriptive Name" pintype="Configuration" slicecount="1" values="||">
   </PIN>
   <PIN pinname="Tag" pintype="Configuration" slicecount="1" values="||">
   </PIN>
   <PIN pinname="Evaluate" pintype="Input" visible="-1" slicecount="1" values="1">
   </PIN>
   <PIN pinname="Window Handle" pintype="Output" visible="-1">
   </PIN>
   <PIN pinname="Patch" pintype="Output" visible="-1">
   </PIN>
   <PIN pinname="ID" pintype="Output" visible="-1">
   </PIN>
   </NODE>
   <LINK srcnodeid="439" srcpinname="Output" dstnodeid="303" dstpinname="Rotate" linkstyle="VHV">
   <LINKPOINT x="3675" y="5760">
   </LINKPOINT>
   <LINKPOINT x="3360" y="5805">
   </LINKPOINT>
   </LINK>
   <LINK srcnodeid="303" srcpinname="Layer" dstnodeid="20" dstpinname="Layer 3" linkstyle="VHV">
   <LINKPOINT x="2786" y="7657">
   </LINKPOINT>
   <LINKPOINT x="3003" y="7905">
   </LINKPOINT>
   </LINK>
   <LINK srcnodeid="490" srcpinname="Output" dstnodeid="303" dstpinname="ScaleXY" linkstyle="VHV">
   <LINKPOINT x="3374" y="6188">
   </LINKPOINT>
   <LINKPOINT x="3332" y="6153">
   </LINKPOINT>
   </LINK>
   <NODE systemname="leafcoord" filename="leafcoord.v4p" nodename="leafcoord.v4p" componentmode="Hidden" id="437">
   <BOUNDS type="Node" left="3108" top="3269" width="100" height="100">
   </BOUNDS>
   <PIN pinname="Output" visible="1">
   </PIN>
   <BOUNDS type="Window" left="1820" top="3591" width="8995" height="5999">
   </BOUNDS>
   <PIN pinname="Count" visible="1">
   </PIN>
   </NODE>
   <LINK srcnodeid="437" srcpinname="Output" dstnodeid="439" dstpinname="Input">
   </LINK>
   <LINK srcnodeid="437" srcpinname="Count" dstnodeid="440" dstpinname="Y Input Value">
   </LINK>
   <LINK srcnodeid="437" srcpinname="Output" dstnodeid="303" dstpinname="TranslateXY" linkstyle="VHV">
   <LINKPOINT x="3283" y="5229">
   </LINKPOINT>
   <LINKPOINT x="3157" y="5194">
   </LINKPOINT>
   </LINK>
   <NODE systemname="tree" filename="tree.v4p" nodename="tree.v4p" componentmode="Hidden" id="327">
   <BOUNDS type="Node" left="2044" top="6881" width="847" height="252">
   </BOUNDS>
   <BOUNDS type="Window" left="0" top="105" width="10234" height="11711">
   </BOUNDS>
   <PIN pinname="Layer" visible="1">
   </PIN>
   <PIN pinname="Output" visible="1">
   </PIN>
   <PIN pinname="Stop Loop" visible="1">
   </PIN>
   <PIN pinname="Reverse Loop" visible="1">
   </PIN>
   <PIN pinname="R" visible="1">
   </PIN>
   </NODE>
   <LINK srcnodeid="327" srcpinname="Layer" dstnodeid="20" dstpinname="Layer 2" linkstyle="VHV">
   <LINKPOINT x="1869" y="7604">
   </LINKPOINT>
   <LINKPOINT x="2219" y="7817">
   </LINKPOINT>
   </LINK>
   <LINK srcnodeid="327" srcpinname="Reverse Loop" dstnodeid="490" dstpinname="Y Input Value">
   </LINK>
   <LINK srcnodeid="327" srcpinname="Stop Loop" dstnodeid="490" dstpinname="Reset">
   </LINK>
   <NODE id="326" systemname="flowerfruit" filename="flowerfruit.v4p" nodename="flowerfruit.v4p" componentmode="InAWindow" hiddenwhenlocked="0" managers="">
   <BOUNDS type="Window" left="6349" top="1162" width="10248" height="10983">
   </BOUNDS>
   <PIN pinname="X - Y" slicecount="1" pintype="Input" visible="1" values="0.21">
   </PIN>
   <PIN pinname="XYZ" slicecount="1" pintype="Input" visible="1" values="0">
   </PIN>
   <PIN pinname="Layer" visible="1" pintype="Output">
   </PIN>
   <BOUNDS type="Node" left="4074" top="6895" width="100" height="100">
   </BOUNDS>
   <BOUNDS type="Box" left="420" top="4606" width="4800" height="3600">
   </BOUNDS>
   <PIN pinname="Descriptive Name" pintype="Configuration" slicecount="1" values="||">
   </PIN>
   <PIN pinname="Tag" pintype="Configuration" slicecount="1" values="||">
   </PIN>
   <PIN pinname="Evaluate" pintype="Input" visible="-1" slicecount="1" values="1">
   </PIN>
   <PIN pinname="Window Handle" pintype="Output" visible="-1">
   </PIN>
   <PIN pinname="Patch" pintype="Output" visible="-1">
   </PIN>
   <PIN pinname="ID" pintype="Output" visible="-1">
   </PIN>
   <PIN pinname="Switch" visible="1">
   </PIN>
   <PIN pinname="Transform In" visible="1" slicecount="1" values="||">
   </PIN>
   <PIN pinname="TranslateXY" visible="1" slicecount="34" values="0,0,0,0,1,0,1,0,0,1,1,1,1,1,1,0,1,1,0,1,0,1,-1,0,-1,1,-1,0,-1,-1,-1,0,-1,0">
   </PIN>
   <PIN pinname="Transform Out" visible="1">
   </PIN>
   <PIN pinname="ScaleXY" visible="1" slicecount="1" values="0.129187454455033">
   </PIN>
   <PIN pinname="Value" visible="1">
   </PIN>
   </NODE>
   <LINK srcnodeid="336" srcpinname="Y Output Value" dstnodeid="326" dstpinname="Switch" linkstyle="VHV">
   <LINKPOINT x="11237" y="7962">
   </LINKPOINT>
   <LINKPOINT x="4492" y="7270">
   </LINKPOINT>
   </LINK>
   <LINK srcnodeid="326" srcpinname="Layer" dstnodeid="20" dstpinname="Layer 4" linkstyle="VHV">
   <LINKPOINT x="3941" y="7653">
   </LINKPOINT>
   <LINKPOINT x="3584" y="7901">
   </LINKPOINT>
   </LINK>
   <LINK srcnodeid="438" srcpinname="Output" dstnodeid="326" dstpinname="TranslateXY" linkstyle="VHV">
   </LINK>
   <NODE systemname="flowerscaled" filename="flowerscaled.v4p" nodename="flowerscaled.v4p" componentmode="Hidden" id="496">
   <BOUNDS type="Node" left="4802" top="5187" width="100" height="100">
   </BOUNDS>
   <PIN pinname="Scaled Flower" visible="1">
   </PIN>
   <PIN pinname="Stoploop" visible="1">
   </PIN>
   <PIN pinname="Input - R" visible="1">
   </PIN>
   <BOUNDS type="Window" left="3612" top="3612" width="8995" height="5999">
   </BOUNDS>
   </NODE>
   <LINK srcnodeid="496" srcpinname="Scaled Flower" dstnodeid="326" dstpinname="ScaleXY">
   </LINK>
   <NODE nodename="IOBox (Value Advanced)" componentmode="InABox" id="498">
   <BOUNDS type="Box" left="2317" top="2149" width="480" height="480">
   </BOUNDS>
   <BOUNDS type="Node" left="2317" top="2149" width="0" height="0">
   </BOUNDS>
   <PIN pinname="Units" slicecount="1" values="||">
   </PIN>
   <PIN pinname="Precision" slicecount="1" values="4">
   </PIN>
   <PIN pinname="Value Type" slicecount="1" values="Boolean">
   </PIN>
   <PIN pinname="Behavior" slicecount="1" values="Toggle">
   </PIN>
   <PIN pinname="Descriptive Name" slicecount="1" values="R">
   </PIN>
   <PIN pinname="Y Output Value" visible="1">
   </PIN>
   </NODE>
   <LINK srcnodeid="327" srcpinname="R" dstnodeid="498" dstpinname="Y Input Value">
   </LINK>
   <NODE nodename="IOBox (Value Advanced)" componentmode="InABox" id="499">
   <BOUNDS type="Box" left="2926" top="2114" width="480" height="480">
   </BOUNDS>
   <BOUNDS type="Node" left="2926" top="2114" width="0" height="0">
   </BOUNDS>
   <PIN pinname="Units" slicecount="1" values="||">
   </PIN>
   <PIN pinname="Precision" slicecount="1" values="4">
   </PIN>
   <PIN pinname="Value Type" slicecount="1" values="Boolean">
   </PIN>
   <PIN pinname="Behavior" slicecount="1" values="Toggle">
   </PIN>
   <PIN pinname="Descriptive Name" slicecount="1" values="|Stop Loop|">
   </PIN>
   <PIN pinname="Y Output Value" visible="1">
   </PIN>
   </NODE>
   <LINK srcnodeid="327" srcpinname="Stop Loop" dstnodeid="499" dstpinname="Y Input Value">
   </LINK>
   <LINK srcnodeid="499" srcpinname="Y Output Value" dstnodeid="490" dstpinname="Stoploop" linkstyle="Bezier">
   <LINKPOINT x="2707" y="3678">
   </LINKPOINT>
   <LINKPOINT x="3474" y="4092">
   </LINKPOINT>
   </LINK>
   <LINK srcnodeid="498" srcpinname="Y Output Value" dstnodeid="490" dstpinname="Input - R" linkstyle="Bezier">
   <LINKPOINT x="2048" y="3588">
   </LINKPOINT>
   <LINKPOINT x="4371" y="4218">
   </LINKPOINT>
   </LINK>
   <LINK srcnodeid="499" srcpinname="Y Output Value" dstnodeid="496" dstpinname="Stoploop" linkstyle="Bezier">
   <LINKPOINT x="2707" y="3682">
   </LINKPOINT>
   <LINKPOINT x="5077" y="4096">
   </LINKPOINT>
   </LINK>
   <LINK srcnodeid="498" srcpinname="Y Output Value" dstnodeid="496" dstpinname="Input - R" linkstyle="Bezier">
   <LINKPOINT x="2048" y="3591">
   </LINKPOINT>
   <LINKPOINT x="6226" y="4221">
   </LINKPOINT>
   </LINK>
   </PATCH>